kanji,count,strokes,kun_readings,on_readings
現,19,11,"['あらわ.れる', 'あらわ.す', 'うつつ', 'うつ.つ']",['ゲン']
像,5,14,,['ゾウ']
原,20,10,['はら'],['ゲン']
則,4,9,"['のっと.る', 'のり', 'すなわち']",['ソク']
見,50,7,"['み.る', 'み.える', 'み.せる']",['ケン']
地,49,6,,"['チ', 'ジ']"
限,11,9,"['かぎ.る', 'かぎ.り', '-かぎ.り']",['ゲン']
定,37,8,"['さだ.める', 'さだ.まる', 'さだ.か']","['テイ', 'ジョウ']"
点,27,9,"['つ.ける', 'つ.く', 'た.てる', 'さ.す', 'とぼ.す', 'とも.す', 'ぼち']",['テン']
典,5,8,"['ふみ', 'のり']","['テン', 'デン']"
爆,4,19,['は.ぜる'],['バク']
文,25,4,"['ふみ', 'あや']","['ブン', 'モン']"
厳,4,17,"['おごそ.か', 'きび.しい', 'いか.めしい', 'いつくし']","['ゲン', 'ゴン']"
密,9,11,['ひそ.か'],['ミツ']
賢,2,16,['かしこ.い'],['ケン']
明,28,8,"['あ.かり', 'あか.るい', 'あか.るむ', 'あか.らむ', 'あき.らか', 'あ.ける', '-あ.け', 'あ.く', 'あ.くる', 'あ.かす']","['メイ', 'ミョウ', 'ミン']"
倹,1,10,"['つま.しい', 'つづまやか']",['ケン']
約,10,9,"['つづ.まる', 'つづ.める', 'つづま.やか']",['ヤク']
油,8,8,['あぶら'],"['ユ', 'ユウ']"
兼,4,10,"['か.ねる', '-か.ねる']",['ケン']
用,34,5,['もち.いる'],['ヨウ']
権,8,15,"['おもり', 'かり', 'はか.る']","['ケン', 'ゴン']"
力,31,2,['ちから'],"['リョク', 'リキ', 'リイ']"
言,23,7,"['い.う', 'こと']","['ゲン', 'ゴン']"
論,20,15,['あげつら.う'],['ロン']
故,7,9,"['ゆえ', 'ふる.い', 'もと']",['コ']
語,21,14,"['かた.る', 'かた.らう']",['ゴ']
彙,1,13,['はりねずみ'],['イ']
恋,6,10,"['こ.う', 'こい', 'こい.しい']",['レン']
甲,2,5,['きのえ'],"['コウ', 'カン']"
光,11,6,"['ひか.る', 'ひかり']",['コウ']
好,18,6,"['この.む', 'す.く', 'よ.い', 'い.い']",['コウ']
意,27,13,,['イ']
行,46,6,"['い.く', 'ゆ.く', '-ゆ.き', '-ゆき', '-い.き', '-いき', 'おこな.う', 'おこ.なう']","['コウ', 'ギョウ', 'アン']"
為,7,9,"['ため', 'な.る', 'な.す', 'す.る', 'たり', 'つく.る', 'なり']",['イ']
合,55,6,"['あ.う', '-あ.う', 'あ.い', 'あい-', '-あ.い', '-あい', 'あ.わす', 'あ.わせる', '-あ.わせる']","['ゴウ', 'ガッ', 'カッ']"
工,14,3,,"['コウ', 'ク', 'グ']"
学,54,8,['まな.ぶ'],['ガク']
抗,5,7,['あらが.う'],['コウ']
議,22,20,,['ギ']
皇,2,9,,"['コウ', 'オウ']"
居,11,8,"['い.る', '-い', 'お.る']","['キョ', 'コ']"
況,3,8,"['まし.て', 'いわ.んや', 'おもむき']",['キョウ']
鉱,4,13,['あらがね'],['コウ']
業,26,13,['わざ'],"['ギョウ', 'ゴウ']"
興,8,16,"['おこ.る', 'おこ.す']","['コウ', 'キョウ']"
高,20,10,"['たか.い', 'たか', '-だか', 'たか.まる', 'たか.める']",['コウ']
交,22,6,"['まじ.わる', 'まじ.える', 'ま.じる', 'まじ.る', 'ま.ざる', 'ま.ぜる', '-か.う', 'か.わす', 'かわ.す', 'こもごも']",['コウ']
互,4,4,"['たが.い', 'かたみ.に']",['ゴ']
煌,1,13,"['きらめ.く', 'きら.めく', 'かがや.く']",['コウ']
考,7,6,"['かんが.える', 'かんが.え']",['コウ']
古,8,5,"['ふる.い', 'ふる-', '-ふる.す']",['コ']
作,29,7,"['つく.る', 'つく.り', '-づく.り']","['サク', 'サ']"
耕,4,10,['たがや.す'],['コウ']
山,10,3,['やま'],"['サン', 'セン']"
講,8,17,,['コウ']
習,14,11,"['なら.う', 'なら.い']","['シュウ', 'ジュ']"
口,22,3,['くち'],"['コウ', 'ク']"
述,4,8,['の.べる'],['ジュツ']
控,3,11,"['ひか.える', 'ひか.え']",['コウ']
除,9,10,"['のぞ.く', '-よ.け']","['ジョ', 'ジ']"
渉,2,11,['わた.る'],['ショウ']
尚,1,8,['なお'],['ショウ']
向,14,6,"['む.く', 'む.い', '-む.き', 'む.ける', '-む.け', 'む.かう', 'む.かい', 'む.こう', 'む.こう-', 'むこ', 'むか.い']",['コウ']
上,54,3,"['うえ', '-うえ', 'うわ-', 'かみ', 'あ.げる', '-あ.げる', 'あ.がる', '-あ.がる', 'あ.がり', '-あ.がり', 'のぼ.る', 'のぼ.り', 'のぼ.せる', 'のぼ.す', 'たてまつ.る']","['ジョウ', 'ショウ', 'シャン']"
進,17,11,"['すす.む', 'すす.める']",['シン']
香,3,9,"['か', 'かお.り', 'かお.る']","['コウ', 'キョウ']"
辛,7,7,"['から.い', 'つら.い', '-づら.い', 'かのと']",['シン']
料,16,10,,['リョウ']
降,7,10,"['お.りる', 'お.ろす', 'ふ.る', 'ふ.り', 'くだ.る', 'くだ.す']","['コウ', 'ゴ']"
水,32,4,"['みず', 'みず-']",['スイ']
洪,1,9,,['コウ']
成,20,6,"['な.る', 'な.す', '-な.す']","['セイ', 'ジョウ']"
公,20,4,['おおやけ'],"['コウ', 'ク']"
然,14,12,"['しか', 'しか.り', 'しか.し', 'さ']","['ゼン', 'ネン']"
争,8,6,"['あらそ.う', 'いか.でか']",['ソウ']
構,7,14,"['かま.える', 'かま.う']",['コウ']
想,11,13,['おも.う'],"['ソウ', 'ソ']"
後,20,9,"['のち', 'うし.ろ', 'うしろ', 'あと', 'おく.れる']","['ゴ', 'コウ']"
退,12,9,"['しりぞ.く', 'しりぞ.ける', 'ひ.く', 'の.く', 'の.ける', 'ど.く']",['タイ']
沢,3,7,"['さわ', 'うるお.い', 'うるお.す', 'つや']",['タク']
団,10,6,"['かたまり', 'まる.い']","['ダン', 'トン']"
調,21,15,"['しら.べる', 'しら.べ', 'ととの.う', 'ととの.える']",['チョウ']
頭,9,16,"['あたま', 'かしら', '-がしら', 'かぶり']","['トウ', 'ズ', 'ト']"
読,8,14,"['よ.む', '-よ.み']","['ドク', 'トク', 'トウ']"
購,3,17,,['コウ']
入,37,2,"['い.る', '-い.る', '-い.り', 'い.れる', '-い.れ', 'はい.る']","['ニュウ', 'ジュ']"
認,5,14,"['みと.める', 'したた.める']",['ニン']
熱,12,15,['あつ.い'],['ネツ']
費,9,12,"['つい.やす', 'つい.える']",['ヒ']
買,4,12,['か.う'],['バイ']
評,7,12,,['ヒョウ']
付,38,5,"['つ.ける', '-つ.ける', '-づ.ける', 'つ.け', 'つ.け-', '-つ.け', '-づ.け', '-づけ', 'つ.く', '-づ.く', 'つ.き', '-つ.き', '-つき', '-づ.き', '-づき']",['フ']
募,5,12,['つの.る'],['ボ']
巧,3,5,"['たく.み', 'たく.む', 'うま.い']",['コウ']
妙,4,7,['たえ'],"['ミョウ', 'ビョウ']"
小,24,3,"['ちい.さい', 'こ-', 'お-', 'さ-']",['ショウ']
売,19,7,"['う.る', 'う.れる']",['バイ']
効,7,8,"['き.く', 'ききめ', 'なら.う']",['コウ']
率,10,11,['ひき.いる'],"['ソツ', 'リツ', 'シュツ']"
立,36,5,"['た.つ', '-た.つ', 'た.ち-', 'た.てる', '-た.てる', 'た.て-', 'たて-', '-た.て', '-だ.て', '-だ.てる']","['リツ', 'リュウ', 'リットル']"
護,7,20,['まも.る'],['ゴ']
衛,5,16,,"['エイ', 'エ']"
柄,7,9,"['がら', 'え', 'つか']",['ヘイ']
切,37,4,"['き.る', '-き.る', 'き.り', '-き.り', '-ぎ.り', 'き.れる', '-き.れる', 'き.れ', '-き.れ', '-ぎ.れ']","['セツ', 'サイ']"
手,61,4,"['て', 'て-', '-て', 'た-']","['シュ', 'ズ']"
国,23,8,['くに'],['コク']
産,27,11,"['う.む', 'う.まれる', 'うぶ-', 'む.す']",['サン']
告,9,7,['つ.げる'],['コク']
白,10,5,"['しろ', 'しら-', 'しろ.い']","['ハク', 'ビャク']"
防,11,7,['ふせ.ぐ'],['ボウ']
有,21,6,['あ.る'],"['ユウ', 'ウ']"
極,10,12,"['きわ.める', 'きわ.まる', 'きわ.まり', 'きわ.み', 'き.める', '-ぎ.め', 'き.まる']","['キョク', 'ゴク']"
楽,11,13,"['たの.しい', 'たの.しむ', 'この.む']","['ガク', 'ラク', 'ゴウ']"
連,17,10,"['つら.なる', 'つら.ねる', 'つ.れる', '-づ.れ']",['レン']
焦,5,12,"['こ.げる', 'こ.がす', 'こ.がれる', 'あせ.る', 'じ.れる', 'じ.らす']",['ショウ']
茶,13,9,,"['チャ', 'サ']"
源,7,13,['みなもと'],['ゲン']
心,33,4,"['こころ', '-ごころ']",['シン']
得,11,11,"['え.る', 'う.る']",['トク']
掛,25,11,"['か.ける', '-か.ける', 'か.け', '-か.け', '-が.け', 'か.かる', '-か.かる', '-が.かる', 'か.かり', '-が.かり', 'かかり', '-がかり']","['カイ', 'ケイ']"
志,6,7,"['シリング', 'こころざ.す', 'こころざし']",['シ']
強,21,11,"['つよ.い', 'つよ.まる', 'つよ.める', 'し.いる', 'こわ.い']","['キョウ', 'ゴウ']"
細,8,11,"['ほそ.い', 'ほそ.る', 'こま.か', 'こま.かい']",['サイ']
試,6,13,"['こころ.みる', 'ため.す']",['シ']
快,6,7,['こころよ.い'],['カイ']
誤,5,14,"['あやま.る', '-あやま.る']",['ゴ']
差,19,10,"['さ.す', 'さ.し']",['サ']
孤,3,9,,['コ']
児,6,7,"['こ', '-こ', '-っこ']","['ジ', 'ニ', 'ゲイ']"
梢,1,11,"['こずえ', 'くすのき']",['ショウ']
個,6,10,,"['コ', 'カ']"
性,16,8,['さが'],"['セイ', 'ショウ']"
戸,7,4,['と'],['コ']
籍,3,20,,['セキ']
代,21,5,"['か.わる', 'かわ.る', 'かわ.り', 'か.わり', '-がわ.り', '-が.わり', 'か.える', 'よ', 'しろ']","['ダイ', 'タイ']"
誇,3,13,['ほこ.る'],['コ']
張,13,11,"['は.る', '-は.り', '-ば.り']",['チョウ']
滑,4,13,"['すべ.る', 'なめ.らか']","['カツ', 'コツ']"
稽,2,15,"['かんが.える', 'とど.める']",['ケイ']
骨,4,10,['ほね'],['コツ']
董,1,12,['ただ.す'],['トウ']
品,25,9,['しな'],"['ヒン', 'ホン']"
固,6,8,"['かた.める', 'かた.まる', 'かた.まり', 'かた.い']",['コ']
事,36,8,"['こと', 'つか.う', 'つか.える']","['ジ', 'ズ']"
独,11,9,['ひと.り'],"['ドク', 'トク']"
殊,2,10,['こと'],['シュ']
粉,4,10,"['デシメートル', 'こ', 'こな']",['フン']
碁,3,13,,['ゴ']
盤,4,15,,['バン']
別,14,7,"['わか.れる', 'わ.ける']",['ベツ']
込,24,5,"['-こ.む', 'こ.む', 'こ.み', '-こ.み', 'こ.める']",
籠,2,22,"['かご', 'こ.める', 'こも.る', 'こ.む']","['ロウ', 'ル']"
暦,3,14,['こよみ'],"['レキ', 'リャク']"
凝,2,16,"['こ.る', 'こ.らす', 'こご.らす', 'こご.らせる', 'こご.る']",['ギョウ']
懲,1,18,"['こ.りる', 'こ.らす', 'こ.らしめる']",['チョウ']
根,10,10,"['ね', '-ね']",['コン']
気,68,6,"['いき', 'き']","['キ', 'ケ']"
拠,2,8,['よ.る'],"['キョ', 'コ']"
混,9,11,"['ま.じる', '-ま.じり', 'ま.ざる', 'ま.ぜる', 'こ.む']",['コン']
血,7,6,['ち'],['ケツ']
昆,1,8,,['コン']
虫,3,6,['むし'],"['チュウ', 'キ']"
底,4,8,['そこ'],['テイ']
同,23,6,['おな.じ'],['ドウ']
本,31,5,['もと'],['ホン']
財,6,10,['たから'],"['ザイ', 'サイ', 'ゾク']"
再,10,6,['ふたた.び'],"['サイ', 'サ']"
会,35,6,"['あ.う', 'あ.わせる', 'あつ.まる']","['カイ', 'エ']"
災,5,7,['わざわ.い'],['サイ']
害,11,10,,['ガイ']
菌,3,11,,['キン']
採,8,11,['と.る'],['サイ']
掘,3,11,['ほ.る'],['クツ']
決,21,7,"['き.める', '-ぎ.め', 'き.まる', 'さ.く']",['ケツ']
建,10,9,"['た.てる', 'た.て', '-だ.て', 'た.つ']","['ケン', 'コン']"
在,11,6,['あ.る'],['ザイ']
庫,5,10,['くら'],"['コ', 'ク']"
算,13,14,['そろ'],['サン']
生,62,5,"['い.きる', 'い.かす', 'い.ける', 'う.まれる', 'うま.れる', 'う.まれ', 'うまれ', 'う.む', 'お.う', 'は.える', 'は.やす', 'き', 'なま', 'なま-', 'な.る', 'な.す', 'む.す', '-う']","['セイ', 'ショウ']"
政,7,9,"['まつりごと', 'まん']","['セイ', 'ショウ']"
最,11,12,"['もっと.も', 'つま']","['サイ', 'シュ']"
善,6,12,"['よ.い', 'い.い', 'よ.く', 'よし.とする']",['ゼン']
択,2,7,['えら.ぶ'],['タク']
栽,1,10,,['サイ']
培,1,11,['つちか.う'],['バイ']
発,31,9,"['た.つ', 'あば.く', 'おこ.る', 'つか.わす', 'はな.つ']","['ハツ', 'ホツ']"
胞,1,9,,['ホウ']
遮,1,14,['さえぎ.る'],['シャ']
冴,1,7,"['さ.える', 'こお.る', 'ひ.える']","['ゴ', 'コ']"
竿,1,9,['さお'],['カン']
栄,3,9,"['さか.える', 'は.え', '-ば.え', 'は.える', 'え']","['エイ', 'ヨウ']"
額,4,18,['ひたい'],['ガク']
杯,4,8,['さかずき'],['ハイ']
逆,6,9,"['さか', 'さか.さ', 'さか.らう']","['ギャク', 'ゲキ']"
詐,1,12,['いつわ.る'],['サ']
欺,2,12,['あざむ.く'],['ギ']
削,3,9,"['けず.る', 'はつ.る', 'そ.ぐ']",['サク']
減,8,12,"['へ.る', 'へ.らす']",['ゲン']
錯,1,16,,"['サク', 'シャク']"
戦,13,13,"['いくさ', 'たたか.う', 'おのの.く', 'そよ.ぐ', 'わなな.く']",['セン']
叫,2,6,['さけ.ぶ'],['キョウ']
捧,1,11,['ささ.げる'],['ホウ']
指,16,9,"['ゆび', 'さ.す', '-さ.し']",['シ']
図,12,7,"['え', 'はか.る']","['ズ', 'ト']"
出,71,5,"['で.る', '-で', 'だ.す', '-だ.す', 'い.でる', 'い.だす']","['シュツ', 'スイ']"
支,12,4,"['ささ.える', 'つか.える', 'か.う']",['シ']
授,4,11,"['さず.ける', 'さず.かる']",['ジュ']
摩,2,15,"['ま.する', 'さす.る', 'す.る']",['マ']
座,8,10,['すわ.る'],['ザ']
談,7,15,,['ダン']
雑,9,14,"['まじ.える', 'まじ.る']","['ザツ', 'ゾウ']"
貨,7,11,['たから'],['カ']
殺,4,10,"['ころ.す', '-ごろ.し', 'そ.ぐ', 'あや.める']","['サツ', 'サイ', 'セツ']"
人,67,2,"['ひと', '-り', '-と']","['ジン', 'ニン']"
察,5,14,,['サツ']
悟,2,10,['さと.る'],['ゴ']
中,48,4,"['なか', 'うち', 'あた.る']",['チュウ']
標,6,15,"['しるべ', 'しるし']",['ヒョウ']
様,18,14,"['さま', 'さん']","['ヨウ', 'ショウ']"
寒,3,12,['さむ.い'],['カン']
侍,1,8,"['さむらい', 'はべ.る']","['ジ', 'シ']"
障,6,14,['さわ.る'],['ショウ']
酸,5,14,['す.い'],['サン']
岳,1,8,['たけ'],['ガク']
参,8,8,"['まい.る', 'まい-', 'まじわる', 'みつ']","['サン', 'シン']"
院,8,10,,['イン']
休,19,6,"['やす.む', 'やす.まる', 'やす.める']",['キュウ']
残,9,10,"['のこ.る', 'のこ.す', 'そこな.う', 'のこ.り']","['ザン', 'サン']"
金,31,8,"['かね', 'かな-', '-がね']","['キン', 'コン', 'ゴン']"
酷,2,14,['ひど.い'],['コク']
照,8,13,"['て.る', 'て.らす', 'て.れる']",['ショウ']
桟,1,10,['かけはし'],"['サン', 'セン']"
橋,4,16,['はし'],['キョウ']
賛,2,15,"['たす.ける', 'たた.える']",['サン']
美,10,9,['うつく.しい'],"['ビ', 'ミ']"
腹,6,13,['はら'],['フク']
婦,5,11,['よめ'],['フ']
科,18,9,,['カ']
物,58,8,"['もの', 'もの-']","['ブツ', 'モツ']"
脈,3,10,['すじ'],['ミャク']
仕,17,5,['つか.える'],"['シ', 'ジ']"
飼,2,13,['か.う'],['シ']
育,12,8,"['そだ.つ', 'そだ.ち', 'そだ.てる', 'はぐく.む']",['イク']
潮,1,15,"['しお', 'うしお']",['チョウ']
歯,6,12,"['よわい', 'は', 'よわ.い', 'よわい.する']",['シ']
自,28,6,"['みずか.ら', 'おの.ずから', 'おの.ずと']","['ジ', 'シ']"
我,6,7,"['われ', 'わ', 'わ.が-', 'わが-']",['ガ']
覚,13,12,"['おぼ.える', 'さ.ます', 'さ.める', 'さと.る']",['カク']
色,14,6,['いろ'],"['ショク', 'シキ']"
彩,1,11,['いろど.る'],['サイ']
式,12,6,,['シキ']
場,31,12,['ば'],"['ジョウ', 'チョウ']"
軽,7,12,"['かる.い', 'かろ.やか', 'かろ.んじる']","['ケイ', 'キョウ', 'キン']"
蔑,1,14,"['ないがしろ', 'なみ.する', 'くらい', 'さげす.む']",['ベツ']
経,13,11,"['へ.る', 'た.つ', 'たていと', 'はか.る', 'のり']","['ケイ', 'キョウ', 'キン']"
歴,4,14,,"['レキ', 'レッキ']"
路,8,13,"['-じ', 'みち']","['ロ', 'ル']"
劇,6,15,,['ゲキ']
激,6,16,['はげ.しい'],['ゲキ']
励,4,7,"['はげ.む', 'はげ.ます']",['レイ']
獣,3,16,"['けもの', 'けだもの']",['ジュウ']
結,17,12,"['むす.ぶ', 'ゆ.う', 'ゆ.わえる']","['ケツ', 'ケチ']"
核,2,10,,['カク']
月,25,4,['つき'],"['ゲツ', 'ガツ']"
謝,4,17,['あやま.る'],['シャ']
勝,11,12,"['か.つ', '-が.ち', 'まさ.る', 'すぐ.れる', 'かつ']",['ショウ']
晶,1,12,,['ショウ']
束,6,7,"['たば', 'たば.ねる', 'つか', 'つか.ねる']",['ソク']
断,15,11,"['た.つ', 'ことわ.る', 'さだ.める']",['ダン']
賦,1,15,,"['フ', 'ブ']"
欠,7,4,"['か.ける', 'か.く']","['ケツ', 'ケン']"
乏,4,4,"['とぼ.しい', 'とも.しい']",['ボウ']
蹴,2,19,['け.る'],"['シュク', 'シュウ']"
飛,8,9,"['と.ぶ', 'と.ばす', '-と.ばす']",['ヒ']
煙,6,13,"['けむ.る', 'けむり', 'けむ.い']",['エン']
家,25,10,"['いえ', 'や', 'うち']","['カ', 'ケ']"
来,23,7,"['く.る', 'きた.る', 'きた.す', 'き.たす', 'き.たる', 'き', 'こ']","['ライ', 'タイ']"
下,48,3,"['した', 'しも', 'もと', 'さ.げる', 'さ.がる', 'くだ.る', 'くだ.り', 'くだ.す', '-くだ.す', 'くだ.さる', 'お.ろす', 'お.りる']","['カ', 'ゲ']"
痢,1,12,,['リ']
威,3,9,"['おど.す', 'おど.し', 'おど.かす']",['イ']
形,14,7,"['かた', '-がた', 'かたち', 'なり']","['ケイ', 'ギョウ']"
型,4,9,"['かた', '-がた']",['ケイ']
健,5,11,['すこ.やか'],['ケン']
検,5,12,['しら.べる'],['ケン']
子,29,3,"['こ', '-こ', 'ね']","['シ', 'ス', 'ツ']"
元,13,4,['もと'],"['ゲン', 'ガン']"
首,10,9,['くび'],['シュ']
書,27,10,"['か.く', '-が.き', '-がき']",['ショ']
懸,3,20,"['か.ける', 'か.かる']","['ケン', 'ケ']"
賞,7,15,['ほ.める'],['ショウ']
全,19,6,"['まった.く', 'すべ.て']",['ゼン']
素,16,10,['もと'],"['ソ', 'ス']"
到,3,8,['いた.る'],['トウ']
動,30,11,"['うご.く', 'うご.かす']",['ドウ']
的,9,8,['まと'],['テキ']
尊,5,12,"['たっと.い', 'とうと.い', 'たっと.ぶ', 'とうと.ぶ']",['ソン']
貴,3,12,"['たっと.い', 'とうと.い', 'たっと.ぶ', 'とうと.ぶ']",['キ']
等,12,12,"['ひと.しい', 'など', '-ら']",['トウ']
堂,4,11,,['ドウ']
投,6,7,"['な.げる', '-な.げ']",['トウ']
導,5,15,['みちび.く'],['ドウ']
当,34,6,"['あ.たる', 'あ.たり', 'あ.てる', 'あ.て', 'まさ.に', 'まさ.にべし']",['トウ']
封,5,9,,"['フウ', 'ホウ']"
逃,8,9,"['に.げる', 'に.がす', 'のが.す', 'のが.れる']",['トウ']
亡,5,3,"['な.い', 'な.き-', 'ほろ.びる', 'ほろ.ぶ', 'ほろ.ぼす']","['ボウ', 'モウ']"
冬,2,5,['ふゆ'],['トウ']
眠,6,10,"['ねむ.る', 'ねむ.い']",['ミン']
盟,2,13,,['メイ']
登,5,12,"['のぼ.る', 'あ.がる']","['トウ', 'ト', 'ドウ', 'ショウ', 'チョウ']"
録,5,16,"['しる.す', 'と.る']",['ロク']
討,4,10,['う.つ'],['トウ']
遠,10,13,['とお.い'],"['エン', 'オン']"
回,22,6,"['まわ.る', '-まわ.る', '-まわ.り', 'まわ.す', '-まわ.す', 'まわ.し-', '-まわ.し', 'もとお.る', 'か.える']","['カイ', 'エ']"
時,20,10,"['とき', '-どき']",['ジ']
折,9,7,"['お.る', 'おり', 'お.り', '-お.り', 'お.れる']","['セツ', 'シャク']"
研,4,9,['と.ぐ'],['ケン']
特,17,10,,['トク']
技,7,7,['わざ'],['ギ']
裁,6,12,"['た.つ', 'さば.く']",['サイ']
集,18,12,"['あつ.まる', 'あつ.める', 'つど.う']",['シュウ']
占,4,5,"['し.める', 'うらな.う']",['セン']
創,5,12,"['つく.る', 'はじ.める', 'きず', 'けず.しける']","['ソウ', 'ショウ']"
派,5,9,,['ハ']
遂,2,12,"['と.げる', 'つい.に']",['スイ']
年,36,6,['とし'],['ネン']
頃,6,11,"['ころ', 'ごろ', 'しばら.く']","['ケイ', 'キョウ']"
締,7,15,"['し.まる', 'し.まり', 'し.める', '-し.め', '-じ.め']",['テイ']
途,8,10,['みち'],['ト']
土,12,3,['つち'],"['ド', 'ト']"
台,10,5,"['うてな', 'われ', 'つかさ']","['ダイ', 'タイ']"
絶,8,12,"['た.える', 'た.やす', 'た.つ']",['ゼツ']
許,5,11,"['ゆる.す', 'もと']",['キョ']
突,13,8,['つ.く'],"['トツ', 'カ']"
如,1,6,['ごと.し'],"['ジョ', 'ニョ']"
破,11,10,"['やぶ.る', 'やぶ.れる', 'わ.れる']",['ハ']
届,3,8,"['とど.ける', '-とど.け', 'とど.く']",['カイ']
滞,5,13,['とどこお.る'],"['タイ', 'テイ']"
整,8,16,"['ととの.える', 'ととの.う']",['セイ']
止,17,4,"['と.まる', '-ど.まり', 'と.める', '-と.める', '-ど.め', 'とど.める', 'とど.め', 'とど.まる', 'や.める', 'や.む', '-や.む', 'よ.す', '-さ.す', '-さ.し']",['シ']
唱,2,11,['とな.える'],['ショウ']
殿,5,13,"['との', '-どの']","['デン', 'テン']"
俵,1,10,['たわら'],['ヒョウ']
扉,1,12,['とびら'],['ヒ']
溝,2,13,['みぞ'],['コウ']
徒,2,10,"['いたずら', 'あだ']",['ト']
歩,10,8,"['ある.く', 'あゆ.む']","['ホ', 'ブ', 'フ']"
木,11,4,"['き', 'こ-']","['ボク', 'モク']"
富,4,12,"['と.む', 'とみ']","['フ', 'フウ']"
共,12,6,"['とも', 'とも.に', '-ども']",['キョウ']
稼,2,15,['かせ.ぐ'],['カ']
伴,1,7,['ともな.う'],"['ハン', 'バン']"
働,4,13,['はたら.く'],['ドウ']
取,34,8,"['と.る', 'と.り', 'と.り-', 'とり', '-ど.り']",['シュ']
扱,4,6,"['あつか.い', 'あつか.う', 'あつか.る', 'こ.く']","['ソウ', 'キュウ']"
鳥,4,11,['とり'],['チョウ']
替,10,12,"['か.える', 'か.え-', 'か.わる']",['タイ']
組,11,11,"['く.む', 'くみ', '-ぐみ']",['ソ']
次,7,6,"['つ.ぐ', 'つぎ']","['ジ', 'シ']"
引,35,4,"['ひ.く', 'ひ.ける']",['イン']
巻,4,9,"['ま.く', 'まき', 'ま.き']","['カン', 'ケン']"
戻,4,7,"['もど.す', 'もど.る']",['レイ']
寄,14,11,"['よ.る', '-よ.り', 'よ.せる']",['キ']
副,3,11,,['フク']
鈍,4,12,"['にぶ.い', 'にぶ.る', 'にぶ-', 'なま.る', 'なまく.ら']",['ドン']
感,25,13,,['カン']
度,28,9,"['たび', '-た.い']","['ド', 'ト', 'タク']"
忘,3,7,['わす.れる'],['ボウ']
問,12,11,"['と.う', 'と.い', 'とん']",['モン']
屋,12,9,['や'],['オク']
内,16,4,['うち'],"['ナイ', 'ダイ']"
閣,1,14,,['カク']
乃,1,2,"['の', 'すなわ.ち', 'なんじ']","['ナイ', 'ダイ', 'ノ', 'アイ']"
至,3,6,['いた.る'],['シ']
緒,4,14,"['お', 'いとぐち']","['ショ', 'チョ']"
蔵,7,15,"['くら', 'おさ.める', 'かく.れる']","['ゾウ', 'ソウ']"
部,19,11,['-べ'],['ブ']
乱,6,7,"['みだ.れる', 'みだ.る', 'みだ.す', 'みだ', 'おさ.める', 'わた.る']","['ラン', 'ロン']"
陸,5,11,['おか'],"['リク', 'ロク']"
苗,1,8,"['なえ', 'なわ-']","['ビョウ', 'ミョウ']"
流,17,10,"['なが.れる', 'なが.れ', 'なが.す', '-なが.す']","['リュウ', 'ル']"
長,26,8,"['なが.い', 'おさ']",['チョウ']
程,10,12,"['ほど', '-ほど']",['テイ']
渚,1,11,['なぎさ'],['ショ']
嘆,1,13,"['なげ.く', 'なげ.かわしい']",['タン']
仲,5,6,['なか'],['チュウ']
和,15,8,"['やわ.らぐ', 'やわ.らげる', 'なご.む', 'なご.やか', 'あ.える']","['ワ', 'オ', 'カ']"
名,39,6,"['な', '-な']","['メイ', 'ミョウ']"
情,18,11,['なさ.け'],"['ジョウ', 'セイ']"
無,40,12,['な.い'],"['ム', 'ブ']"
深,8,11,"['ふか.い', '-ぶか.い', 'ふか.まる', 'ふか.める', 'み-']",['シン']
詰,6,13,"['つ.める', 'つ.め', '-づ.め', 'つ.まる', 'つ.む']","['キツ', 'キチ']"
雪,3,11,['ゆき'],['セツ']
崩,4,11,"['くず.れる', '-くず.れ', 'くず.す']",['ホウ']
懐,2,16,"['ふところ', 'なつ.かしい', 'なつ.かしむ', 'なつ.く', 'なつ.ける', 'なず.ける', 'いだ.く', 'おも.う']","['カイ', 'エ']"
何,12,7,"['なに', 'なん', 'なに-', 'なん-']",['カ']
札,4,5,['ふだ'],['サツ']
臭,3,9,"['くさ.い', '-くさ.い', 'にお.う', 'にお.い']",['シュウ']
温,15,12,"['あたた.か', 'あたた.かい', 'あたた.まる', 'あたた.める', 'ぬく']",['オン']
身,20,7,['み'],['シン']
鉛,2,13,['なまり'],['エン']
嘗,1,14,"['かつ.て', 'こころ.みる', 'な.める']","['ショウ', 'ジョウ']"
悩,4,10,"['なや.む', 'なや.ます', 'なや.ましい', 'なやみ']",['ノウ']
並,9,8,"['な.み', 'なみ', 'なら.べる', 'なら.ぶ', 'なら.びに']","['ヘイ', 'ホウ']"
慣,8,14,"['な.れる', 'な.らす']",['カン']
馴,3,13,"['な.れる', 'な.らす', 'したが.う']","['ジュン', 'シュン', 'クン']"
荷,3,10,['に'],['カ']
似,6,7,"['に.る', 'ひ.る']",['ジ']
通,40,10,"['とお.る', 'とお.り', '-とお.り', '-どお.り', 'とお.す', 'とお.し', '-どお.し', 'かよ.う']","['ツウ', 'ツ']"
賑,1,14,"['にぎ.わい', 'にぎ.やか', 'にぎ.わす', 'にぎ.わう']",['シン']
憎,4,14,"['にく.む', 'にく.い', 'にく.らしい', 'にく.しみ']",['ゾウ']
肉,8,6,['しし'],['ニク']
親,14,16,"['おや', 'おや-', 'した.しい', 'した.しむ']",['シン']
体,35,7,"['からだ', 'かたち']","['タイ', 'テイ']"
西,6,6,['にし'],"['セイ', 'サイ', 'ス']"
日,83,4,"['ひ', '-び', '-か']","['ニチ', 'ジツ']"
滲,1,14,"['し.みる', 'にじ.む']",['シン']
夜,15,8,"['よ', 'よる']",['ヤ']
造,9,10,"['つく.る', 'つく.り', '-づく.り']",['ゾウ']
担,6,8,"['かつ.ぐ', 'にな.う']",['タン']
関,14,14,"['せき', '-ぜき', 'かか.わる', 'からくり', 'かんぬき']",['カン']
浴,5,10,"['あ.びる', 'あ.びせる']",['ヨク']
尿,2,7,"['ゆばり', 'いばり', 'しと']",['ニョウ']
識,6,19,"['し.る', 'しる.す']",['シキ']
妊,1,7,"['はら.む', 'みごも.る']","['ニン', 'ジン']"
娠,1,10,,['シン']
任,10,6,"['まか.せる', 'まか.す']",['ニン']
務,14,11,['つと.める'],['ム']
命,15,8,['いのち'],"['メイ', 'ミョウ']"
抜,5,7,"['ぬ.く', '-ぬ.く', 'ぬ.き', 'ぬ.ける', 'ぬ.かす', 'ぬ.かる']","['バツ', 'ハツ', 'ハイ']"
主,26,5,"['ぬし', 'おも', 'あるじ']","['シュ', 'ス', 'シュウ']"
沼,1,8,['ぬま'],['ショウ']
音,12,9,"['おと', 'ね']","['オン', 'イン', '-ノン']"
値,7,10,"['ね', 'あたい']",['チ']
打,11,5,"['う.つ', 'う.ち-', 'ぶ.つ']","['ダ', 'ダース']"
寝,9,13,"['ね.る', 'ね.かす', 'い.ぬ', 'みたまや', 'や.める']",['シン']
捩,2,10,"['よじ.る', 'ね.じる', 'ねじ.れる', 'もじ.る']","['レイ', 'レツ']"
妬,2,8,"['ねた.む', 'そね.む', 'つも.る', 'ふさ.ぐ']","['ト', 'ツ']"
湯,6,12,['ゆ'],['トウ']
量,8,12,['はか.る'],['リョウ']
粘,2,11,['ねば.る'],['ネン']
練,4,14,"['ね.る', 'ね.り']",['レン']
念,7,8,,['ネン']
賀,2,12,,['ガ']
願,5,19,"['ねが.う', '-ねがい']",['ガン']
号,6,5,"['さけ.ぶ', 'よびな']",['ゴウ']
燃,4,16,"['も.える', 'も.やす', 'も.す']",['ネン']
焼,5,12,"['や.く', 'や.き', 'や.き-', '-や.き', 'や.ける']",['ショウ']
輪,5,15,['わ'],['リン']
農,10,13,,['ノウ']
納,5,10,"['おさ.める', '-おさ.める', 'おさ.まる']","['ノウ', 'ナッ', 'ナ', 'ナン', 'トウ']"
軒,3,10,['のき'],['ケン']
望,13,11,"['のぞ.む', 'もち']","['ボウ', 'モウ']"
乗,11,9,"['の.る', '-の.り', 'の.せる']","['ジョウ', 'ショウ']"
罵,1,15,['ののし.る'],['バ']
延,5,8,"['の.びる', 'の.べる', 'の.べ', 'の.ばす']",['エン']
飲,5,12,"['の.む', '-の.み']","['イン', 'オン']"
刃,1,3,"['は', 'やいば', 'き.る']","['ジン', 'ニン']"
把,1,7,,"['ハ', 'ワ']"
握,3,12,['にぎ.る'],['アク']
廃,3,12,"['すた.れる', 'すた.る']",['ハイ']
棄,3,13,['す.てる'],['キ']
配,14,10,['くば.る'],['ハイ']
給,10,12,"['たま.う', 'たも.う', '-たま.え']",['キュウ']
偶,5,11,['たま'],['グウ']
者,18,8,['もの'],['シャ']
拝,5,8,"['おが.む', 'おろが.む']",['ハイ']
啓,1,11,"['ひら.く', 'さと.す']",['ケイ']
背,7,9,"['せ', 'せい', 'そむ.く', 'そむ.ける']",['ハイ']
景,6,12,,['ケイ']
借,4,10,['か.りる'],['シャク']
排,2,11,,['ハイ']
賠,1,15,,['バイ']
償,3,17,['つぐな.う'],['ショウ']
敗,6,11,['やぶ.れる'],['ハイ']
置,10,13,"['お.く', '-お.き']",['チ']
布,9,5,"['ぬの', 'し.く', 'きれ']","['フ', 'ホ']"
分,48,4,"['わ.ける', 'わ.け', 'わ.かれる', 'わ.かる', 'わ.かつ']","['ブン', 'フン', 'ブ']"
北,4,5,['きた'],['ホク']
倍,2,10,,['バイ']
慮,3,15,"['おもんぱく.る', 'おもんぱか.る']",['リョ']
列,8,6,,"['レツ', 'レ']"
壊,4,16,"['こわ.す', 'こわ.れる', 'やぶ.る']","['カイ', 'エ']"
一,63,1,"['ひと-', 'ひと.つ']","['イチ', 'イツ']"
概,6,14,['おおむ.ね'],['ガイ']
著,6,11,"['あらわ.す', 'いちじる.しい']","['チョ', 'チャク']"
面,28,9,"['おも', 'おもて', 'つら']","['メン', 'ベン']"
目,39,5,"['め', '-め', 'ま-']","['モク', 'ボク']"
律,3,9,,"['リツ', 'リチ', 'レツ']"
括,2,9,['くく.る'],['カツ']
挙,3,10,"['あ.げる', 'あ.がる', 'こぞ.る']",['キョ']
変,12,9,"['か.わる', 'か.わり', 'か.える']",['ヘン']
営,5,12,"['いとな.む', 'いとな.み']",['エイ']
挑,2,9,['いど.む'],['チョウ']
稲,2,14,"['いね', 'いな-']","['トウ', 'テ']"
祈,2,8,['いの.る'],['キ']
今,16,4,['いま'],"['コン', 'キン']"
更,6,7,"['さら', 'さら.に', 'ふ.ける', 'ふ.かす']",['コウ']
未,10,5,"['いま.だ', 'ま.だ', 'ひつじ']","['ミ', 'ビ']"
移,6,11,"['うつ.る', 'うつ.す']",['イ']
民,14,5,['たみ'],['ミン']
嫌,7,13,"['きら.う', 'きら.い', 'いや']","['ケン', 'ゲン']"
卑,2,9,"['いや.しい', 'いや.しむ', 'いや.しめる']",['ヒ']
欲,7,11,"['ほっ.する', 'ほ.しい']",['ヨク']
衣,6,6,"['ころも', 'きぬ', '-ぎ']","['イ', 'エ']"
類,9,18,['たぐ.い'],['ルイ']
異,9,11,"['こと', 'こと.なる', 'け']",['イ']
印,7,6,"['しるし', '-じるし', 'しる.す']",['イン']
鑑,4,23,"['かんが.みる', 'かがみ']",['カン']
陰,4,11,"['かげ', 'かげ.る']",['イン']
隠,3,14,"['かく.す', 'かく.し', 'かく.れる', 'よ.る']","['イン', 'オン']"
受,17,8,"['う.ける', '-う.け', 'う.かる']",['ジュ']
継,6,13,"['つ.ぐ', 'まま-']",['ケイ']
持,12,9,"['も.つ', '-も.ち', 'も.てる']",['ジ']
埋,6,10,"['う.める', 'う.まる', 'う.もれる', 'うず.める', 'うず.まる', 'い.ける']",['マイ']
嘘,2,14,"['うそ', 'ふ.く']","['キョ', 'コ']"
消,15,10,"['き.える', 'け.す']",['ショウ']
扇,4,10,['おうぎ'],['セン']
訳,10,11,['わけ'],['ヤク']
写,9,5,"['うつ.す', 'うつ.る', 'うつ-', 'うつ.し']","['シャ', 'ジャ']"
訴,3,12,['うった.える'],['ソ']
空,20,8,"['そら', 'あ.く', 'あ.き', 'あ.ける', 'から', 'す.く', 'す.かす', 'むな.しい']",['クウ']
器,18,15,['うつわ'],['キ']
腕,2,12,['うで'],['ワン']
前,25,9,"['まえ', '-まえ']",['ゼン']
雨,6,8,"['あめ', 'あま-', '-さめ']",['ウ']
天,15,4,"['あまつ', 'あめ', 'あま-']",['テン']
促,3,9,['うなが.す'],['ソク']
梅,4,10,['うめ'],['バイ']
干,6,3,"['ほ.す', 'ほ.し-', '-ぼ.し', 'ひ.る']",['カン']
裏,5,13,['うら'],['リ']
返,15,7,"['かえ.す', '-かえ.す', 'かえ.る', '-かえ.る']",['ヘン']
潤,2,15,"['うるお.う', 'うるお.す', 'うる.む']",['ジュン']
浮,5,10,"['う.く', 'う.かれる', 'う.かぶ', 'う.かべる']",['フ']
植,6,12,"['う.える', 'う.わる']",['ショク']
運,17,12,['はこ.ぶ'],['ウン']
送,12,9,['おく.る'],['ソウ']
賃,3,13,,['チン']
云,1,4,"['い.う', 'ここに']",['ウン']
搬,1,13,,['ハン']
輸,5,16,,"['ユ', 'シュ']"
英,6,8,['はなぶさ'],['エイ']
字,16,6,"['あざ', 'あざな', '-な']",['ジ']
映,8,9,"['うつ.る', 'うつ.す', 'は.える', '-ば.え']",['エイ']
雄,2,12,"['お-', 'おす', 'おん']",['ユウ']
液,4,11,,['エキ']
閲,1,15,['けみ.する'],['エツ']
覧,5,17,['み.る'],['ラン']
獲,3,16,['え.る'],['カク']
襟,1,18,['えり'],['キン']
円,9,4,"['まる.い', 'まる', 'まど', 'まど.か', 'まろ.やか']",['エン']
縁,5,15,"['ふち', 'ふち.どる', 'ゆかり', 'よすが', 'へり', 'えにし']","['エン', '-ネン']"
側,4,11,"['かわ', 'がわ', 'そば']",['ソク']
沿,4,8,"['そ.う', '-ぞ.い']",['エン']
岸,3,8,['きし'],['ガン']
婉,1,11,"['うつく.しい', 'したが.う']",['エン']
曲,6,6,"['ま.がる', 'ま.げる', 'くま']",['キョク']
演,12,14,,['エン']
線,16,15,['すじ'],['セン']
方,31,4,"['かた', '-かた', '-がた']",['ホウ']
満,10,12,"['み.ちる', 'み.つ', 'み.たす']","['マン', 'バン']"
追,10,9,['お.う'],['ツイ']
於,1,8,"['おい.て', 'お.ける', 'ああ', 'より']","['オ', 'ヨ']"
老,5,6,"['お.いる', 'ふ.ける']",['ロウ']
応,14,7,"['あた.る', 'まさに', 'こた.える']","['オウ', 'ヨウ', '-ノウ']"
急,14,9,"['いそ.ぐ', 'いそ.ぎ', 'せ.く']",['キュウ']
黄,3,11,"['き', 'こ-']","['コウ', 'オウ']"
往,2,8,"['い.く', 'いにしえ', 'さき.に', 'ゆ.く']",['オウ']
診,7,12,['み.る'],['シン']
大,63,3,"['おお-', 'おお.きい', '-おお.いに']","['ダイ', 'タイ']"
筋,5,12,['すじ'],['キン']
幅,2,12,['はば'],['フク']
犯,4,5,['おか.す'],"['ハン', 'ボン']"
侵,3,9,['おか.す'],['シン']
臆,1,17,"['むね', 'おくする']","['オク', 'ヨク']"
病,7,10,"['や.む', '-や.み', 'やまい']","['ビョウ', 'ヘイ']"
遅,7,12,"['おく.れる', 'おく.らす', 'おそ.い']",['チ']
収,13,4,"['おさ.める', 'おさ.まる']",['シュウ']
治,9,8,"['おさ.める', 'おさ.まる', 'なお.る', 'なお.す']","['ジ', 'チ']"
押,7,8,"['お.す', 'お.し-', 'お.っ-', 'お.さえる', 'おさ.える']",['オウ']
惜,2,11,"['お.しい', 'お.しむ']",['セキ']
御,11,12,"['おん-', 'お-', 'み-']","['ギョ', 'ゴ']"
世,15,5,['よ'],"['セイ', 'セ', 'ソウ']"
辞,8,13,"['や.める', 'いな.む']",['ジ']
襲,2,22,"['おそ.う', 'かさ.ね']",['シュウ']
恐,7,10,"['おそ.れる', 'おそ.る', 'おそ.ろしい', 'こわ.い', 'こわ.がる']",['キョウ']
落,16,12,"['お.ちる', 'お.ち', 'お.とす']",['ラク']
着,28,12,"['き.る', 'き.せる', 'つ.く', 'つ.ける']","['チャク', 'ジャク']"
葉,7,12,['は'],['ヨウ']
乙,1,1,"['おと-', 'きのと']","['オツ', 'イツ']"
使,8,8,"['つか.う', 'つか.い', '-つか.い', '-づか.い']",['シ']
脅,4,10,"['おびや.かす', 'おど.す', 'おど.かす']",['キョウ']
訪,3,11,"['おとず.れる', 'たず.ねる', 'と.う']",['ホウ']
供,5,8,"['そな.える', 'とも', '-ども']","['キョウ', 'ク', 'クウ', 'グ']"
衰,2,10,['おとろ.える'],['スイ']
怯,2,8,"['ひる.む', 'おびえ.る', 'おじる', 'おび.える', 'おそ.れる']","['キョウ', 'コウ']"
帯,11,10,"['お.びる', 'おび']",['タイ']
袋,5,11,['ふくろ'],"['タイ', 'ダイ']"
宮,2,10,['みや'],"['キュウ', 'グウ', 'ク', 'クウ']"
思,15,9,"['おも.う', 'おもえら.く', 'おぼ.す']",['シ']
趣,3,15,"['おもむき', 'おもむ.く']",['シュ']
赴,2,9,['おもむ.く'],['フ']
重,26,9,"['え', 'おも.い', 'おも.り', 'おも.なう', 'かさ.ねる', 'かさ.なる', 'おも']","['ジュウ', 'チョウ']"
父,13,4,['ちち'],['フ']
及,5,3,"['およ.ぶ', 'およ.び', 'および', 'およ.ぼす']",['キュウ']
檻,1,19,"['おり', 'おばしま', 'てすり']",['カン']
織,3,18,"['お.る', 'お.り', 'おり', '-おり', '-お.り']","['ショク', 'シキ']"
俺,1,10,"['おれ', 'われ']",['エン']
愚,2,13,['おろ.か'],['グ']
界,4,9,,['カイ']
街,5,12,['まち'],"['ガイ', 'カイ']"
改,13,7,"['あらた.める', 'あらた.まる']",['カイ']
悪,10,11,"['わる.い', 'わる-', 'あ.し', 'にく.い', '-にく.い', 'ああ', 'いずくに', 'いずくんぞ', 'にく.む']","['アク', 'オ']"
海,12,9,['うみ'],['カイ']
外,30,5,"['そと', 'ほか', 'はず.す', 'はず.れる', 'と-']","['ガイ', 'ゲ']"
革,6,9,['かわ'],['カク']
貝,3,7,['かい'],['バイ']
殻,3,11,"['から', 'がら']","['カク', 'コク', 'バイ']"
観,14,18,"['み.る', 'しめ.す']",['カン']
階,5,12,['きざはし'],['カイ']
級,8,9,,['キュウ']
峡,1,9,['はざま'],"['キョウ', 'コウ']"
介,5,4,,['カイ']
開,14,12,"['ひら.く', 'ひら.き', '-びら.き', 'ひら.ける', 'あ.く', 'あ.ける']",['カイ']
催,5,13,"['もよう.す', 'もよお.す']",['サイ']
修,11,10,"['おさ.める', 'おさ.まる']","['シュウ', 'シュ']"
怪,2,8,"['あや.しい', 'あや.しむ']","['カイ', 'ケ']"
解,19,13,"['と.く', 'と.かす', 'と.ける', 'ほど.く', 'ほぐ.す', 'わか.る', 'さと.る']","['カイ', 'ゲ']"
相,18,9,['あい-'],"['ソウ', 'ショウ']"
説,11,14,['と.く'],"['セツ', 'ゼイ']"
層,4,14,,['ソウ']
拓,1,8,['ひら.く'],['タク']
訂,2,9,['ただ.す'],['テイ']
道,19,12,"['みち', 'いう']","['ドウ', 'トウ']"
該,1,13,,['ガイ']
抱,6,8,"['だ.く', 'いだ.く', 'かか.える']",['ホウ']
剖,1,10,,['ボウ']
略,7,11,"['ほぼ', 'はぶ.く', 'おか.す', 'おさ.める', 'はかりごと', 'はか.る']",['リャク']
良,10,7,"['よ.い', '-よ.い', 'い.い', '-い.い']",['リョウ']
省,8,9,"['かえり.みる', 'はぶ.く']","['セイ', 'ショウ']"
顧,1,21,['かえり.みる'],['コ']
顔,3,18,['かお'],['ガン']
課,8,15,,['カ']
掲,3,11,['かか.げる'],['ケイ']
掻,3,11,['か.く'],['ソウ']
画,11,8,"['えが.く', 'かく.する', 'かぎ.る', 'はかりごと', 'はか.る']","['ガ', 'カク', 'エ', 'カイ']"
芸,8,7,"['う.える', 'のり', 'わざ']","['ゲイ', 'ウン']"
格,14,10,,"['カク', 'コウ', 'キャク', 'ゴウ']"
拡,4,8,"['ひろ.がる', 'ひろ.げる', 'ひろ.める']","['カク', 'コウ']"
散,8,12,"['ち.る', 'ち.らす', '-ち.らす', 'ち.らかす', 'ち.らかる', 'ち.らばる', 'ばら', 'ばら.ける']",['サン']
士,7,3,['さむらい'],['シ']
各,5,6,['おのおの'],['カク']
種,8,14,"['たね', '-ぐさ']",['シュ']
隔,5,13,"['へだ.てる', 'へだ.たる']",['カク']
週,9,11,,['シュウ']
確,13,15,"['たし.か', 'たし.かめる']","['カク', 'コウ']"
信,11,9,,['シン']
新,12,13,"['あたら.しい', 'あら.た', 'あら-', 'にい-']",['シン']
譜,1,19,,['フ']
保,13,9,['たも.つ'],"['ホ', 'ホウ']"
賭,2,15,"['か.ける', 'かけ']",['ト']
崖,1,11,"['がけ', 'きし', 'はて']","['ガイ', 'ゲ', 'ギ']"
駆,3,14,"['か.ける', 'か.る']",['ク']
足,18,7,"['あし', 'た.りる', 'た.る', 'た.す']",['ソク']
計,15,9,"['はか.る', 'はか.らう']",['ケイ']
加,14,5,"['くわ.える', 'くわ.わる']",['カ']
化,16,4,"['ば.ける', 'ば.かす', 'ふ.ける', 'け.する']","['カ', 'ケ']"
箇,2,14,,"['カ', 'コ']"
条,4,7,"['えだ', 'すじ']","['ジョウ', 'チョウ', 'デキ']"
微,7,13,['かす.か'],['ビ']
霞,1,17,"['かすみ', 'かす.む']","['カ', 'ゲ']"
擦,5,17,"['す.る', 'す.れる', '-ず.れ', 'こす.る', 'こす.れる']",['サツ']
火,14,4,"['ひ', '-び', 'ほ-']",['カ']
星,5,9,"['ほし', '-ぼし']","['セイ', 'ショウ']"
石,9,5,['いし'],"['セキ', 'シャク', 'コク']"
河,4,8,['かわ'],['カ']
川,2,3,['かわ'],['セン']
繊,2,17,,['セン']
過,16,12,"['す.ぎる', 'す.ごす', 'あやま.ち', 'あやま.つ', 'よぎ.る', 'よ.ぎる']",['カ']
疎,1,12,"['うと.い', 'うと.む', 'まば.ら']","['ソ', 'ショ']"
片,9,4,"['かた-', 'かた']",['ヘン']
傾,5,13,"['かたむ.く', 'かたむ.ける', 'かたぶ.く', 'かた.げる', 'かし.げる']",['ケイ']
傍,1,12,"['かたわ.ら', 'わき', 'おか-', 'はた', 'そば']",['ボウ']
花,11,7,['はな'],"['カ', 'ケ']"
壇,1,16,,"['ダン', 'タン']"
畜,4,10,,['チク']
且,1,5,['か.つ'],"['ショ', 'ソ', 'ショウ']"
致,3,10,['いた.す'],['チ']
活,11,9,"['い.きる', 'い.かす', 'い.ける']",['カツ']
併,1,8,['あわ.せる'],['ヘイ']
叶,2,5,"['かな.える', 'かな.う']",['キョウ']
槌,1,13,['つち'],['ツイ']
予,15,4,['あらかじ.め'],"['ヨ', 'シャ']"
庇,1,7,"['ひさし', 'おお.う', 'かば.う']",['ヒ']
株,2,10,['かぶ'],['シュ']
幣,2,15,['ぬさ'],['ヘイ']
噛,2,15,"['か.む', 'か.じる']","['コウ', 'ゴウ']"
粥,1,12,"['かゆ', 'かい', 'ひさ.ぐ']","['イク', 'シュク', 'ジュク']"
絡,2,12,"['から.む', 'から.まる']",['ラク']
労,7,7,"['ろう.する', 'いたわ.る', 'いた.ずき', 'ねぎら', 'つか.れる', 'ねぎら.う']",['ロウ']
簡,4,18,"['えら.ぶ', 'ふだ']","['カン', 'ケン']"
易,6,8,"['やさ.しい', 'やす.い']","['エキ', 'イ']"
灌,1,20,['そそ.ぐ'],['カン']
漑,1,15,['そそ.ぐ'],"['ガイ', 'カイ']"
眼,4,11,"['まなこ', 'め']","['ガン', 'ゲン']"
球,6,11,['たま'],['キュウ']
玩,1,8,"['もちあそ.ぶ', 'もてあそ.ぶ']",['ガン']
具,13,8,"['そな.える', 'つぶさ.に']",['グ']
潔,3,15,['いさぎよ.い'],['ケツ']
還,3,16,['かえ.る'],['カン']
看,4,9,['み.る'],['カン']
漢,3,13,,['カン']
頑,3,13,['かたく.な'],['ガン']
勧,3,13,['すす.める'],"['カン', 'ケン']"
換,8,12,"['か.える', '-か.える', 'か.わる']",['カン']
監,2,15,,['カン']
視,8,11,['み.る'],['シ']
衆,6,12,['おお.い'],"['シュウ', 'シュ']"
丈,4,3,"['たけ', 'だけ']",['ジョウ']
触,4,13,"['ふ.れる', 'さわ.る', 'さわ']",['ショク']
肝,2,7,['きも'],['カン']
腎,1,13,,['ジン']
税,7,12,,['ゼイ']
岩,3,8,['いわ'],['ガン']
染,6,9,"['そ.める', 'そ.まる', 'し.みる', 'し.み']",['セン']
幹,4,13,['みき'],['カン']
完,4,7,,['カン']
勘,4,11,,['カン']
弁,9,5,"['かんむり', 'わきま.える', 'わ.ける', 'はなびら', 'あらそ.う']","['ベン', 'ヘン']"
誘,4,14,"['さそ.う', 'いざな.う']",['ユウ']
与,5,3,"['あた.える', 'あずか.る', 'くみ.する', 'ともに']",['ヨ']
寛,1,13,"['くつろ.ぐ', 'ひろ.い', 'ゆる.やか']",['カン']
容,11,10,['い.れる'],['ヨウ']
例,10,8,['たと.える'],['レイ']
貫,2,11,"['つらぬ.く', 'ぬ.く', 'ぬき']",['カン']
禄,1,12,"['さいわ.い', 'ふち']",['ロク']
緩,5,15,"['ゆる.い', 'ゆる.やか', 'ゆる.む', 'ゆる.める']",['カン']
案,10,10,['つくえ'],['アン']
危,6,6,"['あぶ.ない', 'あや.うい', 'あや.ぶむ']",['キ']
企,2,6,"['くわだ.てる', 'たくら.む']",['キ']
規,12,11,,['キ']
飾,7,13,"['かざ.る', 'かざ.り']",['ショク']
機,16,16,['はた'],['キ']
聞,5,14,"['き.く', 'き.こえる']","['ブン', 'モン']"
帰,7,10,"['かえ.る', 'かえ.す', 'おく.る', 'とつ.ぐ']",['キ']
京,2,8,['みやこ'],"['キョウ', 'ケイ', 'キン']"
戯,1,15,"['たわむ.れる', 'ざ.れる', 'じゃ.れる']","['ギ', 'ゲ']"
基,8,11,"['もと', 'もとい']",['キ']
喜,3,12,"['よろこ.ぶ', 'よろこ.ばす']",['キ']
既,2,10,['すで.に'],['キ']
婚,6,11,,['コン']
記,15,10,['しる.す'],['キ']
載,4,13,"['の.せる', 'の.る']",['サイ']
兆,2,6,"['きざ.す', 'きざ.し']",['チョウ']
質,15,15,"['たち', 'ただ.す', 'もと', 'わりふ']","['シツ', 'シチ', 'チ']"
期,17,12,,"['キ', 'ゴ']"
象,7,12,['かたど.る'],"['ショウ', 'ゾウ']"
傷,7,13,"['きず', 'いた.む', 'いた.める']",['ショウ']
犠,1,17,['いけにえ'],"['ギ', 'キ']"
牲,1,9,,['セイ']
汽,2,7,,['キ']
船,7,11,"['ふね', 'ふな-']",['セン']
贈,3,18,['おく.る'],"['ゾウ', 'ソウ']"
偽,1,11,"['いつわ.る', 'にせ', 'いつわ.り']","['ギ', 'カ']"
族,3,11,,['ゾク']
題,11,18,,['ダイ']
鍛,1,17,['きた.える'],['タン']
几,1,2,['きにょう'],['キ']
帳,4,11,['とばり'],['チョウ']
起,8,10,"['お.きる', 'お.こる', 'お.こす', 'おこ.す', 'た.つ']",['キ']
軌,1,9,,['キ']
能,15,10,"['よ.く', 'あた.う']",['ノウ']
範,3,15,,['ハン']
風,16,9,"['かぜ', 'かざ-']","['フウ', 'フ']"
伏,2,6,"['ふ.せる', 'ふ.す']",['フク']
模,6,14,,"['モ', 'ボ']"
真,25,10,"['ま', 'ま-', 'まこと']",['シン']
末,9,5,"['すえ', 'うら', 'うれ']","['マツ', 'バツ']"
脚,4,11,['あし'],"['キャク', 'キャ', 'カク']"
転,21,11,"['ころ.がる', 'ころ.げる', 'ころ.がす', 'ころ.ぶ', 'まろ.ぶ', 'うたた', 'うつ.る', 'くる.めく']",['テン']
華,4,10,['はな'],"['カ', 'ケ']"
奢,1,12,"['おご.る', 'おご.り']",['シャ']
客,7,9,,"['キャク', 'カク']"
救,5,11,['すく.う'],['キュウ']
援,4,12,,['エン']
究,3,7,['きわ.める'],"['キュウ', 'ク']"
窮,2,15,"['きわ.める', 'きわ.まる', 'きわ.まり', 'きわ.み']","['キュウ', 'キョウ']"
屈,4,8,"['かが.む', 'かが.める']",['クツ']
済,7,11,"['す.む', '-ず.み', '-ずみ', 'す.まない', 'す.ます', '-す.ます', 'すく.う', 'な.す', 'わたし', 'わた.る']","['サイ', 'セイ']"
食,20,9,"['く.う', 'く.らう', 'た.べる', 'は.む']","['ショク', 'ジキ']"
旧,3,5,"['ふる.い', 'もと']",['キュウ']
知,17,8,"['し.る', 'し.らせる']",['チ']
狂,2,7,"['くる.う', 'くる.おしい', 'くるお.しい']",['キョウ']
驚,4,22,"['おどろ.く', 'おどろ.かす']",['キョウ']
教,18,11,"['おし.える', 'おそ.わる']",['キョウ']
協,6,8,,['キョウ']
境,5,14,['さかい'],"['キョウ', 'ケイ']"
遇,2,12,['あ.う'],['グウ']
訓,3,10,"['おし.える', 'よ.む', 'くん.ずる']","['クン', 'キン']"
硬,4,12,['かた.い'],['コウ']
材,7,7,,['ザイ']
凶,1,4,,['キョウ']
郷,5,11,['さと'],"['キョウ', 'ゴウ']"
愁,1,13,"['うれ.える', 'うれ.い']",['シュウ']
職,11,18,,"['ショク', 'ソク']"
制,14,8,,['セイ']
績,5,17,,['セキ']
存,9,6,"['ながら.える', 'あ.る', 'たも.つ', 'と.う']","['ソン', 'ゾン']"
迫,4,8,['せま.る'],['ハク']
鳴,6,14,"['な.く', 'な.る', 'な.らす']",['メイ']
里,2,7,['さと'],['リ']
烈,2,10,['はげ.しい'],['レツ']
局,5,7,['つぼね'],['キョク']
端,5,14,"['はし', 'は', 'はた', '-ばた', 'はな']",['タン']
住,10,7,"['す.む', 'す.まう', '-ず.まい']","['ジュウ', 'ヂュウ', 'チュウ']"
拒,2,8,['こば.む'],"['キョ', 'ゴ']"
漁,4,14,['あさ.る'],"['ギョ', 'リョウ']"
村,3,7,['むら'],['ソン']
否,4,7,"['いな', 'いや']",['ヒ']
清,9,11,"['きよ.い', 'きよ.まる', 'きよ.める']","['セイ', 'ショウ', 'シン']"
義,7,13,,['ギ']
理,26,11,['ことわり'],['リ']
疑,4,14,['うたが.う'],['ギ']
惑,4,12,['まど.う'],['ワク']
近,16,7,['ちか.い'],"['キン', 'コン']"
緊,2,15,"['し.める', 'し.まる']",['キン']
郊,2,9,,['コウ']
均,2,7,['なら.す'],['キン']
衡,1,16,,['コウ']
禁,4,13,,['キン']
勤,10,12,"['つと.める', '-づと.め', 'つと.まる', 'いそ.しむ']","['キン', 'ゴン']"
勉,2,10,['つと.める'],['ベン']
吟,2,7,,['ギン']
味,22,8,"['あじ', 'あじ.わう']",['ミ']
違,12,13,"['ちが.う', 'ちが.い', 'ちが.える', '-ちが.える', 'たが.う', 'たが.える']",['イ']
間,40,12,"['あいだ', 'ま', 'あい']","['カン', 'ケン']"
区,9,4,,"['ク', 'オウ', 'コウ']"
茎,1,8,['くき'],"['ケイ', 'キョウ']"
痴,1,13,"['し.れる', 'おろか']",['チ']
嘴,1,16,"['くちばし', 'はし']",['シ']
朽,1,6,['く.ちる'],['キュウ']
覆,3,18,"['おお.う', 'くつがえ.す', 'くつがえ.る']",['フク']
玄,2,5,"['くろ', 'くろ.い']",['ゲン']
黒,5,11,"['くろ', 'くろ.ずむ', 'くろ.い']",['コク']
軍,6,9,['いくさ'],['グン']
艦,1,21,,['カン']
君,4,7,"['きみ', '-ぎみ']",['クン']
群,5,13,"['む.れる', 'む.れ', 'むら', 'むら.がる']",['グン']
備,11,12,"['そな.える', 'そな.わる', 'つぶさ.に']",['ビ']
服,10,8,,['フク']
警,6,19,['いまし.める'],['ケイ']
戒,1,7,['いまし.める'],['カイ']
敬,5,12,['うやま.う'],"['ケイ', 'キョウ']"
斜,4,11,"['なな.め', 'はす']",['シャ']
勢,8,13,"['いきお.い', 'はずみ']","['セイ', 'ゼイ']"
刑,4,6,,['ケイ']
罰,4,14,['ばっ.する'],"['バツ', 'バチ', 'ハツ']"
電,17,13,,['デン']
才,2,3,,['サイ']
展,6,10,,['テン']
示,5,5,['しめ.す'],"['ジ', 'シ']"
伝,15,6,"['つた.わる', 'つた.える', 'つた.う', 'つだ.う', '-づた.い', 'つて']","['デン', 'テン']"
達,10,12,['-たち'],"['タツ', 'ダ']"
胴,1,10,,['ドウ']
員,13,10,,['イン']
陶,1,11,['すえ'],['トウ']
校,15,10,,"['コウ', 'キョウ']"
統,9,12,['す.べる'],['トウ']
資,9,13,,['シ']
選,7,15,"['えら.ぶ', 'え.る', 'よ.る']",['セン']
走,3,7,['はし.る'],['ソウ']
軸,1,12,,['ジク']
死,7,6,"['し.ぬ', 'し.に-']",['シ']
湿,6,12,"['しめ.る', 'しめ.す', 'うるお.う', 'うるお.す']","['シツ', 'シュウ']"
施,4,9,['ほどこ.す'],"['シ', 'セ']"
嗜,1,13,"['たしな.む', 'たしな.み', 'この.む', 'この.み']",['シ']
項,2,12,['うなじ'],['コウ']
刻,6,8,"['きざ.む', 'きざ.み']",['コク']
表,12,8,"['おもて', '-おもて', 'あらわ.す', 'あらわ.れる', 'あら.わす']",['ヒョウ']
獄,1,14,,['ゴク']
刺,9,8,"['さ.す', 'さ.さる', 'さ.し', 'さし', 'とげ']",['シ']
繍,1,17,['ぬいとり'],['シュウ']
市,6,5,['いち'],['シ']
雫,1,11,['しずく'],['ダ']
沈,5,7,"['しず.む', 'しず.める']","['チン', 'ジン']"
設,8,11,['もう.ける'],['セツ']
息,10,10,['いき'],['ソク']
続,14,13,"['つづ.く', 'つづ.ける', 'つぐ.ない']","['ゾク', 'ショク', 'コウ', 'キョウ']"
慕,1,14,['した.う'],['ボ']
愛,9,13,"['いと.しい', 'かな.しい', 'め.でる', 'お.しむ', 'まな']",['アイ']
敢,2,12,"['あ.えて', 'あ.えない', 'あ.えず']",['カン']
仰,2,6,"['あお.ぐ', 'おお.せ', 'お.っしゃる', 'おっしゃ.る']","['ギョウ', 'コウ']"
垢,1,9,"['あか', 'はじ']","['コウ', 'ク']"
赤,8,7,"['あか', 'あか-', 'あか.い', 'あか.らむ', 'あか.らめる']","['セキ', 'シャク']"
諦,2,16,"['あきら.める', 'つまびらか', 'まこと']","['テイ', 'タイ']"
顎,1,18,"['あご', 'あぎと']",['ガク']
憧,2,15,['あこが.れる'],"['ショウ', 'トウ', 'ドウ']"
麻,3,11,['あさ'],"['マ', 'マア']"
浅,2,9,['あさ.い'],['セン']
鮮,2,17,['あざ.やか'],['セン']
嘲,1,15,['あざけ.る'],"['チョウ', 'トウ']"
笑,6,10,"['わら.う', 'え.む']",['ショウ']
呆,3,7,"['ほけ.る', 'ぼ.ける', 'あき.れる', 'おろか']",['ホウ']
斡,1,14,"['めぐ.る', 'めぐ.らす']","['アツ', 'カン', 'ワツ']"
旋,1,11,"['め.ぐる', 'いばり']",['セン']
圧,7,5,"['お.す', 'へ.す', 'おさ.える', 'お.さえる']","['アツ', 'エン', 'オウ']"
倒,6,10,"['たお.れる', '-だお.れ', 'たお.す', 'さかさま', 'さかさ', 'さかしま']",['トウ']
宛,3,8,"['あ.てる', '-あて', '-づつ', 'あたか.も']",['エン']
跡,5,13,['あと'],['セキ']
絵,4,12,,"['カイ', 'エ']"
甘,4,5,"['あま.い', 'あま.える', 'あま.やかす', 'うま.い']",['カン']
網,2,14,['あみ'],['モウ']
操,4,16,"['みさお', 'あやつ.る']","['ソウ', 'サン']"
荒,5,9,"['あ.らす', 'あ.れる', 'あら.い', 'すさ.ぶ', 'すさ.む', 'あ.らし']",['コウ']
霰,1,20,['あられ'],"['セン', 'サン']"
暗,7,13,"['くら.い', 'くら.む', 'くれ.る']",['アン']
安,10,6,"['やす.い', 'やす.まる', 'やす', 'やす.らか']",['アン']
静,6,14,"['しず-', 'しず.か', 'しず.まる', 'しず.める']","['セイ', 'ジョウ']"
斐,1,12,,"['ヒ', 'イ']"
幾,3,12,"['いく-', 'いく.つ', 'いく.ら']",['キ']
多,8,6,"['おお.い', 'まさ.に', 'まさ.る']",['タ']
装,10,12,"['よそお.う', 'よそお.い']","['ソウ', 'ショウ']"
遺,1,15,['のこ.す'],"['イ', 'ユイ']"
依,3,8,['よ.る'],"['イ', 'エ']"
委,2,8,['ゆだ.ねる'],['イ']
託,1,10,"['かこつ.ける', 'かこ.つ', 'かこ.つける']",['タク']
脳,3,11,['のうずる'],"['ノウ', 'ドウ']"
守,6,6,"['まも.る', 'まも.り', 'もり', '-もり', 'かみ']","['シュ', 'ス']"
法,16,8,['のり'],"['ホウ', 'ハッ', 'ホッ', 'フラン']"
樹,2,16,['き'],['ジュ']
準,7,13,"['じゅん.じる', 'じゅん.ずる', 'なぞら.える', 'のり', 'ひと.しい', 'みずもり']",['ジュン']
署,4,13,,['ショ']
症,2,10,,['ショウ']
証,5,12,['あかし'],['ショウ']
嬢,2,16,['むすめ'],['ジョウ']
位,7,7,"['くらい', 'ぐらい']",['イ']
城,2,9,['しろ'],"['ジョウ', 'セイ']"
去,5,5,"['さ.る', '-さ.る']","['キョ', 'コ']"
衝,2,15,['つ.く'],['ショウ']
撃,6,15,['う.つ'],['ゲキ']
詳,2,13,"['くわ.しい', 'つまび.らか']",['ショウ']
昇,3,8,['のぼ.る'],['ショウ']
称,2,10,"['たた.える', 'とな.える', 'あ.げる', 'かな.う', 'はか.り', 'はか.る', 'ほめ.る']",['ショウ']
承,5,8,"['うけたまわ.る', 'う.ける']","['ショウ', 'ジョウ']"
諾,1,15,,['ダク']
徴,3,14,['しるし'],"['チョウ', 'チ']"
譲,2,20,['ゆず.る'],['ジョウ']
利,15,7,['き.く'],['リ']
蒸,8,13,"['む.す', 'む.れる', 'む.らす']","['ジョウ', 'セイ']"
溜,5,13,"['た.まる', 'たま.る', 'た.める', 'したた.る', 'たまり', 'ため']",['リュウ']
奨,2,13,['すす.める'],"['ショウ', 'ソウ']"
諸,2,15,['もろ'],['ショ']
助,11,7,"['たす.ける', 'たす.かる', 'す.ける', 'すけ']",['ジョ']
徐,2,10,['おもむ.ろに'],['ジョ']
所,25,8,"['ところ', '-ところ', 'どころ', 'とこ']",['ショ']
属,5,12,"['さかん', 'つく', 'やから']","['ゾク', 'ショク']"
処,5,5,"['ところ', '-こ', 'お.る']",['ショ']
初,10,7,"['はじ.め', 'はじ.めて', 'はつ', 'はつ-', 'うい-', '-そ.める', '-ぞ.め']",['ショ']
版,5,8,,['ハン']
庶,2,11,,['ショ']
令,2,5,,['レイ']
陣,1,10,,['ジン']
審,4,15,"['つまび.らか', 'つぶさ.に']",['シン']
査,5,9,,['サ']
紳,1,11,,['シン']
実,32,8,"['み', 'みの.る', 'まこと', 'みの', 'みち.る']","['ジツ', 'シツ']"
珠,1,10,['たま'],['シュ']
神,9,9,"['かみ', 'かん-', 'こう-']","['シン', 'ジン']"
聖,2,13,['ひじり'],"['セイ', 'ショウ']"
迅,1,6,,['ジン']
速,11,10,"['はや.い', 'はや-', 'はや.める', 'すみ.やか']",['ソク']
築,3,16,['きず.く'],['チク']
呈,1,7,,['テイ']
振,12,10,"['ふ.る', 'ふ.れる', 'ふ.るう']",['シン']
秘,3,10,"['ひ.める', 'ひそ.か', 'かく.す']",['ヒ']
療,3,17,,['リョウ']
粋,3,10,['いき'],['スイ']
推,6,11,['お.す'],['スイ']
吹,3,7,['ふ.く'],['スイ']
奏,2,9,['かな.でる'],['ソウ']
測,6,12,['はか.る'],['ソク']
田,6,5,['た'],['デン']
数,22,13,"['かず', 'かぞ.える', 'しばしば', 'せ.める', 'わずらわ.しい']","['スウ', 'ス', 'サク', 'ソク', 'シュ']"
詞,13,12,['ことば'],['シ']
崇,1,11,['あが.める'],['スウ']
据,2,11,"['す.える', 'す.わる']",['キョ']
濯,3,17,"['すす.ぐ', 'ゆす.ぐ']",['タク']
裾,1,13,['すそ'],"['キョ', 'コ']"
早,7,6,"['はや.い', 'はや', 'はや-', 'はや.まる', 'はや.める', 'さ-']","['ソウ', 'サッ']"
澄,2,15,"['す.む', 'す.ます', '-す.ます']",['チョウ']
果,10,8,"['は.たす', 'はた.す', '-は.たす', 'は.てる', '-は.てる', 'は.て']",['カ']
正,24,5,"['ただ.しい', 'ただ.す', 'まさ', 'まさ.に']","['セイ', 'ショウ']"
策,4,12,,['サク']
誠,3,13,['まこと'],['セイ']
熟,3,15,['う.れる'],['ジュク']
青,7,8,"['あお', 'あお-', 'あお.い']","['セイ', 'ショウ']"
春,2,9,['はる'],['シュン']
純,4,10,,['ジュン']
常,9,11,"['つね', 'とこ-']",['ジョウ']
盛,9,11,"['も.る', 'さか.る', 'さか.ん']","['セイ', 'ジョウ']"
濁,2,16,"['にご.る', 'にご.す']","['ダク', 'ジョク']"
製,7,14,,['セイ']
鉄,9,13,['くろがね'],['テツ']
晴,6,12,"['は.れる', 'は.れ', 'は.れ-', '-ば.れ', 'は.らす']",['セイ']
征,1,8,,['セイ']
精,5,14,"['しら.げる', 'くわ.しい']","['セイ', 'ショウ']"
伜,1,6,['せがれ'],"['サイ', 'ソツ', 'ソチ']"
責,3,11,['せ.める'],['セキ']
是,2,9,"['これ', 'この', 'ここ']","['ゼ', 'シ']"
接,12,11,['つ.ぐ'],"['セツ', 'ショウ']"
衷,1,9,,['チュウ']
攻,5,7,['せ.める'],['コウ']
先,23,6,"['さき', 'ま.ず']",['セン']
維,2,14,,['イ']
宣,4,9,['のたま.う'],['セン']
専,6,9,['もっぱ.ら'],['セン']
術,7,11,['すべ'],['ジュツ']
潜,3,15,"['ひそ.む', 'もぐ.る', 'かく.れる', 'くぐ.る', 'ひそ.める']",['セン']
提,6,12,['さ.げる'],"['テイ', 'チョウ', 'ダイ']"
闘,2,18,"['たたか.う', 'あらそ.う']",['トウ']
舶,1,11,,['ハク']
滅,6,13,"['ほろ.びる', 'ほろ.ぶ', 'ほろ.ぼす']",['メツ']
領,10,14,['えり'],['リョウ']
総,4,14,"['す.べて', 'すべ.て', 'ふさ']",['ソウ']
刊,5,5,,['カン']
増,10,14,"['ま.す', 'ま.し', 'ふ.える', 'ふ.やす']",['ゾウ']
捜,3,10,['さが.す'],"['ソウ', 'シュ', 'シュウ']"
索,3,10,,['サク']
対,21,7,"['あいて', 'こた.える', 'そろ.い', 'つれあ.い', 'なら.ぶ', 'むか.う']","['タイ', 'ツイ']"
壮,1,6,['さかん'],['ソウ']
騒,7,18,"['さわ.ぐ', 'うれい', 'さわ.がしい']",['ソウ']
遭,2,14,"['あ.う', 'あ.わせる']",['ソウ']
難,11,18,"['かた.い', '-がた.い', 'むずか.しい', 'むづか.しい', 'むつか.しい', '-にく.い']",['ナン']
添,2,11,"['そ.える', 'そ.う']",['テン']
即,2,7,"['つ.く', 'つ.ける', 'すなわ.ち']",['ソク']
縛,2,16,['しば.る'],['バク']
損,6,13,"['そこ.なう', 'そこな.う', '-そこ.なう', 'そこ.ねる', '-そこ.ねる']",['ソン']
阻,2,8,['はば.む'],['ソ']
訟,1,11,,['ショウ']
措,1,11,['お.く'],['ソ']
聳,1,17,['そび.える'],['ショウ']
朴,1,6,"['ほう', 'ほお', 'えのき']",['ボク']
反,17,4,"['そ.る', 'そ.らす', 'かえ.す', 'かえ.る', '-かえ.る']","['ハン', 'ホン', 'タン', 'ホ']"
揃,4,12,"['そろ.える', 'そろ.う', 'そろ.い', 'き.る']",['セン']
失,12,5,"['うしな.う', 'う.せる']",['シツ']
待,12,9,"['ま.つ', '-ま.ち']",['タイ']
験,5,18,"['あかし', 'しるし', 'ため.す', 'ためし']","['ケン', 'ゲン']"
態,5,14,['わざ.と'],['タイ']
胆,1,9,['きも'],['タン']
比,7,4,['くら.べる'],['ヒ']
便,12,9,['たよ.り'],"['ベン', 'ビン']"
怠,3,9,"['おこた.る', 'なま.ける']",['タイ']
慢,3,14,,['マン']
話,16,13,"['はな.す', 'はなし']",['ワ']
耐,1,9,['た.える'],['タイ']
堪,2,12,"['た.える', 'たま.る', 'こら.える', 'こた.える']","['カン', 'タン']"
焚,2,12,"['た.く', 'や.く', 'やきがり']","['フン', 'ホン', 'ハン']"
妥,3,7,,['ダ']
駄,4,14,,"['ダ', 'タ']"
携,3,13,"['たずさ.える', 'たずさ.わる']",['ケイ']
漂,1,14,['ただよ.う'],['ヒョウ']
脱,5,11,"['ぬ.ぐ', 'ぬ.げる']",['ダツ']
奉,2,8,"['たてまつ.る', 'まつ.る', 'ほう.ずる']","['ホウ', 'ブ']"
他,6,5,['ほか'],['タ']
辿,2,6,"['たど.る', 'たどり']",['テン']
忙,2,6,"['いそが.しい', 'せわ.しい', 'おそ.れる', 'うれえるさま']","['ボウ', 'モウ']"
魂,1,14,"['たましい', 'たま']",['コン']
賜,1,15,"['たまわ.る', 'たま.う', 'たも.う']",['シ']
弛,2,6,"['たる.む', 'たる.める', 'たゆ.む', 'ゆる.む', 'ゆる.み']","['チ', 'シ']"
垂,2,8,"['た.れる', 'た.らす', 'た.れ', '-た.れ', 'なんなんと.す']",['スイ']
単,10,9,['ひとえ'],['タン']
短,11,12,['みじか.い'],['タン']
歌,7,14,"['うた', 'うた.う']",['カ']
架,2,9,"['か.ける', 'か.かる']",['カ']
探,3,11,"['さぐ.る', 'さが.す']",['タン']
縮,8,17,"['ちぢ.む', 'ちぢ.まる', 'ちぢ.める', 'ちぢ.れる', 'ちぢ.らす']",['シュク']
炭,3,9,['すみ'],['タン']
旦,2,5,"['あき.らか', 'あきら', 'ただし', 'あさ', 'あした']","['タン', 'ダン']"
那,1,7,"['なに', 'なんぞ', 'いかん']","['ナ', 'ダ']"
波,4,8,['なみ'],['ハ']
蛋,1,11,,['タン']
弾,6,12,"['ひ.く', '-ひ.き', 'はず.む', 'たま', 'はじ.く', 'はじ.ける', 'ただ.す', 'はじ.きゆみ']","['ダン', 'タン']"
蓄,3,13,['たくわ.える'],['チク']
積,9,16,"['つ.む', '-づ.み', 'つ.もる', 'つ.もり']",['セキ']
乳,2,8,"['ちち', 'ち']",['ニュウ']
秩,1,10,,['チツ']
序,2,7,"['つい.で', 'ついで']",['ジョ']
窒,1,11,,['チツ']
席,7,10,['むしろ'],['セキ']
宙,2,8,,['チュウ']
忠,1,8,,['チュウ']
枢,1,8,"['とぼそ', 'からくり']","['スウ', 'シュ']"
抽,2,8,['ひき-'],['チュウ']
毒,5,8,,['ドク']
腸,1,13,"['はらわた', 'わた']",['チョウ']
蝶,1,15,,['チョウ']
超,4,12,"['こ.える', 'こ.す']",['チョウ']
聴,3,17,"['き.く', 'ゆる.す']","['チョウ', 'テイ']"
官,5,8,,['カン']
停,7,11,"['と.める', 'と.まる']",['テイ']
複,6,14,,['フク']
編,5,15,"['あ.む', '-あ.み']",['ヘン']
宝,3,8,['たから'],['ホウ']
直,23,8,"['ただ.ちに', 'なお.す', '-なお.す', 'なお.る', 'なお.き', 'す.ぐ']","['チョク', 'ジキ', 'ジカ']"
貯,3,12,"['た.める', 'たくわ.える']",['チョ']
塵,5,14,"['ちり', 'ごみ']","['チン', 'ジン']"
没,3,7,"['おぼ.れる', 'しず.む', 'ない']","['ボツ', 'モツ']"
黙,2,15,"['だま.る', 'もだ.す']","['モク', 'ボク']"
陳,1,11,['ひ.ねる'],['チン']
放,13,8,"['はな.す', '-っぱな.し', 'はな.つ', 'はな.れる', 'こ.く', 'ほう.る']",['ホウ']
墜,1,15,"['お.ちる', 'お.つ']",['ツイ']
痛,6,12,"['いた.い', 'いた.む', 'いた.ましい', 'いた.める']",['ツウ']
杖,1,7,['つえ'],['ジョウ']
司,4,5,['つかさど.る'],['シ']
尽,2,6,"['つ.きる', 'つ.くす', 'つ.かす', '-づ.く', '-ず.く', 'ことごと.く']","['ジン', 'サン']"
繕,2,18,['つくろ.う'],['ゼン']
筒,3,12,['つつ'],['トウ']
謹,1,17,['つつし.む'],['キン']
努,3,7,['つと.める'],['ド']
津,1,9,['つ'],['シン']
角,13,7,"['かど', 'つの']",['カク']
唾,1,11,"['つば', 'つばき']","['ダ', 'タ']"
呟,1,8,['つぶや.く'],['ゲン']
壷,1,11,['つぼ'],['コ']
蕾,1,16,['つぼみ'],['ライ']
釣,4,11,"['つ.る', 'つ.り', 'つ.り-']",['チョウ']
鐘,3,20,['かね'],['ショウ']
吊,3,6,"['つ.る', 'つる.す']",['チョウ']
邸,1,8,['やしき'],['テイ']
宅,7,6,,['タク']
堤,1,12,['つつみ'],['テイ']
適,10,14,['かな.う'],['テキ']
宜,2,8,"['よろ.しい', 'よろ.しく']",['ギ']
際,5,14,"['きわ', '-ぎわ']",['サイ']
順,8,12,,['ジュン']
錠,1,16,,['ジョウ']
鋼,1,16,['はがね'],['コウ']
徹,3,15,,['テツ']
棒,3,12,,['ボウ']
掌,2,12,"['てのひら', 'たなごころ']",['ショウ']
筈,1,12,"['はず', 'やはず']",['カツ']
園,7,13,['その'],['エン']
邦,1,7,['くに'],['ホウ']
朗,4,10,"['ほが.らか', 'あき.らか']",['ロウ']
浪,1,10,,['ロウ']
露,3,21,['つゆ'],"['ロ', 'ロウ']"
煩,1,13,"['わずら.う', 'わずら.わす', 'うるさ.がる', 'うるさ.い']","['ハン', 'ボン']"
渡,5,12,"['わた.る', '-わた.る', 'わた.す']",['ト']
詫,2,13,"['わび', 'わび.しい', 'かこつ', 'わ.びる', 'わび.る']",['タ']
藁,1,17,['わら'],['コウ']
割,12,12,"['わ.る', 'わり', 'わ.り', 'わ.れる', 'さ.く']",['カツ']
捗,1,10,['はかど.る'],"['チョク', 'ホ']"
剥,5,10,"['へ.ぐ', 'へず.る', 'む.く', 'む.ける', 'は.がれる', 'は.ぐ', 'は.げる', 'は.がす']","['ハク', 'ホク']"
薄,4,16,"['うす.い', 'うす-', '-うす', 'うす.める', 'うす.まる', 'うす.らぐ', 'うす.ら-', 'うす.れる', 'すすき']",['ハク']
弱,8,10,"['よわ.い', 'よわ.る', 'よわ.まる', 'よわ.める']",['ジャク']
状,5,7,,['ジョウ']
漠,2,13,,['バク']
暴,6,15,"['あば.く', 'あば.れる']","['ボウ', 'バク']"
遣,6,13,"['つか.う', '-つか.い', '-づか.い', 'つか.わす', 'や.る']",['ケン']
恥,4,10,"['は.じる', 'はじ', 'は.じらう', 'は.ずかしい']",['チ']
叩,2,5,"['たた.く', 'はた.く', 'すぎ']",['コウ']
裸,2,13,['はだか'],['ラ']
蜂,1,13,['はち'],['ホウ']
蜜,1,14,,"['ミツ', 'ビツ']"
芽,2,8,['め'],['ガ']
躾,2,16,"['しつ.ける', 'しつけ']",
践,1,13,['ふ.む'],['セン']
嫉,1,13,"['そね.む', 'ねた.む', 'にく.む']",['シツ']
摘,2,14,['つ.む'],['テキ']
淑,1,11,['しと.やか'],['シュク']
萎,2,11,"['な', 'しお.れる', 'しな.びる', 'しぼ.む', 'な.える']",['イ']
屎,1,9,['くそ'],"['シ', 'キ']"
凌,1,10,['しの.ぐ'],['リョウ']
芝,3,6,['しば'],['シ']
始,12,8,"['はじ.める', '-はじ.める', 'はじ.まる']",['シ']
耳,3,6,['みみ'],['ジ']
鼻,2,14,['はな'],['ビ']
私,7,7,"['わたくし', 'わたし']",['シ']
野,9,11,"['の', 'の-']","['ヤ', 'ショ']"
社,13,7,['やしろ'],['シャ']
若,3,8,"['わか.い', 'わか-', 'も.しくわ', 'も.し', 'も.しくは', 'ごと.し']","['ジャク', 'ニャク', 'ニャ']"
三,7,3,"['み', 'み.つ', 'みっ.つ']","['サン', 'ゾウ']"
砂,4,9,['すな'],"['サ', 'シャ']"
洒,3,9,"['すす.ぐ', 'あら.う']","['シャ', 'ソン', 'サイ', 'セン', 'セイ']"
宗,2,8,['むね'],"['シュウ', 'ソウ']"
益,3,10,['ま.す'],"['エキ', 'ヤク']"
周,5,8,['まわ.り'],['シュウ']
就,4,12,"['つ.く', 'つ.ける']","['シュウ', 'ジュ']"
従,6,10,"['したが.う', 'したが.える', 'より']","['ジュウ', 'ショウ', 'ジュ']"
終,9,11,"['お.わる', '-お.わる', 'おわ.る', 'お.える', 'つい', 'つい.に']",['シュウ']
充,3,6,"['あ.てる', 'み.たす']",['ジュウ']
十,8,2,"['とお', 'と', 'そ']","['ジュウ', 'ジッ', 'ジュッ']"
執,3,11,['と.る'],"['シツ', 'シュウ']"
柔,3,9,"['やわ.らか', 'やわ.らかい', 'やわ', 'やわ.ら']","['ジュウ', 'ニュウ']"
軟,2,11,"['やわ.らか', 'やわ.らかい']",['ナン']
塾,1,14,,['ジュク']
祝,5,9,['いわ.う'],"['シュク', 'シュウ']"
宿,6,11,"['やど', 'やど.る', 'やど.す']",['シュク']
旨,2,6,"['むね', 'うま.い']",['シ']
昼,8,9,['ひる'],['チュウ']
飯,7,12,['めし'],['ハン']
疲,3,10,"['つか.れる', '-づか.れ', 'つか.らす']",['ヒ']
敏,1,10,['さとい'],['ビン']
貧,4,11,['まず.しい'],"['ヒン', 'ビン']"
困,3,7,['こま.る'],['コン']
頻,1,17,['しき.りに'],['ヒン']
繁,4,16,"['しげ.る', 'しげ.く']",
不,34,4,,"['フ', 'ブ']"
鎖,3,18,"['くさり', 'とざ.す']",['サ']
車,19,7,['くるま'],['シャ']
俗,2,9,,['ゾク']
可,10,5,"['-べ.き', '-べ.し']","['カ', 'コク']"
吉,1,6,['よし'],"['キチ', 'キツ']"
巾,2,3,"['おお.い', 'ちきり', 'きれ']","['キン', 'フク']"
福,3,13,,['フク']
祉,1,8,,['シ']
膨,5,16,"['ふく.らむ', 'ふく.れる']",['ボウ']
耽,1,10,['ふけ.る'],['タン']
豪,2,14,['えら.い'],['ゴウ']
負,9,9,"['ま.ける', 'ま.かす', 'お.う']",['フ']
債,1,13,,['サイ']
侮,1,8,"['あなど.る', 'あなず.る']",['ブ']
辱,1,10,['はずかし.める'],['ジョク']
武,4,8,"['たけ', 'たけ.し']","['ブ', 'ム']"
復,6,12,['また'],['フク']
仏,2,4,['ほとけ'],"['ブツ', 'フツ']"
沸,3,8,"['わ.く', 'わ.かす']",['フツ']
騰,1,20,"['あが.る', 'のぼ.る']",['トウ']
腐,2,14,"['くさ.る', '-くさ.る', 'くさ.れる', 'くさ.れ', 'くさ.らす', 'くさ.す']",['フ']
普,4,12,"['あまね.く', 'あまねし']",['フ']
遍,2,12,['あまね.く'],['ヘン']
踏,4,15,"['ふ.む', 'ふ.まえる']",['トウ']
門,4,8,"['かど', 'と']",['モン']
扶,1,7,['たす.ける'],['フ']
養,8,15,['やしな.う'],"['ヨウ', 'リョウ']"
震,3,15,"['ふる.う', 'ふる.える', 'ふる.わせる', 'ふる.わす']",['シン']
礼,5,5,,"['レイ', 'ライ']"
憤,1,15,['いきどお.る'],['フン']
慨,1,13,['なげ.く'],['ガイ']
紛,4,10,"['まぎ.れる', '-まぎ.れ', 'まぎ.らす', 'まぎ.らわす', 'まぎ.らわしい']",['フン']
噴,3,15,['ふ.く'],['フン']
奮,2,16,['ふる.う'],['フン']
母,13,5,"['はは', 'も']",['ボ']
離,4,19,"['はな.れる', 'はな.す']",['リ']
裂,4,12,"['さ.く', 'さ.ける', '-ぎ.れ']",['レツ']
兵,3,7,['つわもの'],"['ヘイ', 'ヒョウ']"
閉,6,11,"['と.じる', 'と.ざす', 'し.める', 'し.まる', 'た.てる']",['ヘイ']
平,17,5,"['たい.ら', 'たい.らげる', 'ひら']","['ヘイ', 'ビョウ', 'ヒョウ']"
辟,1,13,"['きみ', 'ひら.く', 'め.す']","['ヘキ', 'ヒ']"
偏,1,11,['かたよ.る'],['ヘン']
遷,1,15,"['うつ.る', 'うつ.す', 'みやこがえ']",['セン']
答,7,12,"['こた.える', 'こた.え']",['トウ']
穂,1,15,['ほ'],['スイ']
妨,2,7,['さまた.げる'],['ボウ']
豊,3,13,"['ゆた.か', 'とよ']","['ホウ', 'ブ']"
射,7,10,"['い.る', 'さ.す', 'う.つ']",['シャ']
報,9,12,['むく.いる'],['ホウ']
酬,1,13,['むく.いる'],"['シュウ', 'シュ', 'トウ']"
紡,1,10,['つむ.ぐ'],['ボウ']
廷,1,7,,['テイ']
冒,2,9,['おか.す'],['ボウ']
褒,2,15,['ほ.める'],['ホウ']
葬,2,12,['ほうむ.る'],['ソウ']
飽,3,13,"['あ.きる', 'あ.かす', 'あ.く']",['ホウ']
捕,8,10,"['と.らえる', 'と.らわれる', 'と.る', 'とら.える', 'とら.われる', 'つか.まえる', 'つか.まる']",['ホ']
管,5,14,['くだ'],['カン']
補,8,12,['おぎな.う'],['ホ']
牧,4,8,['まき'],['ボク']
師,5,10,['いくさ'],['シ']
鯨,1,19,['くじら'],['ゲイ']
惚,1,11,"['ほけ.る', 'ぼ.ける', 'ほ.れる']",['コツ']
険,4,11,['けわ.しい'],['ケン']
綻,1,14,['ほころ.びる'],['タン']
舗,1,15,,['ホ']
墓,2,13,['はか'],['ボ']
虜,1,13,"['とりこ', 'とりく']","['リョ', 'ロ']"
館,9,16,"['やかた', 'たて']",['カン']
舞,6,15,"['ま.う', '-ま.う', 'まい']",['ブ']
賄,1,13,['まかな.う'],['ワイ']
酔,3,11,"['よ.う', 'よ.い', 'よ']",['スイ']
二,7,2,"['ふた', 'ふた.つ', 'ふたたび']","['ニ', 'ジ']"
纏,2,21,"['まつ.わる', 'まと.う', 'まと.める', 'まと.まる', 'まと.い']","['テン', 'デン']"
免,5,8,"['まぬか.れる', 'まぬが.れる']",['メン']
招,3,8,['まね.く'],['ショウ']
瞬,3,18,"['またた.く', 'まじろ.ぐ']",['シュン']
痺,1,13,['しび.れる'],['ヒ']
眉,1,9,['まゆ'],"['ビ', 'ミ']"
鞠,1,17,['まり'],"['キク', 'キュウ']"
丸,7,3,"['まる', 'まる.める', 'まる.い']",['ガン']
苦,12,8,"['くる.しい', '-ぐる.しい', 'くる.しむ', 'くる.しめる', 'にが.い', 'にが.る']",['ク']
峰,1,10,"['みね', 'ね']",['ホウ']
婿,1,12,['むこ'],['セイ']
邪,4,8,['よこし.ま'],['ジャ']
闇,2,17,"['やみ', 'くら.い']","['アン', 'オン']"
斑,1,12,"['ふ', 'まだら']",['ハン']
簿,1,19,,['ボ']
誉,1,13,"['ほま.れ', 'ほ.める']",['ヨ']
瞭,1,17,['あきらか'],['リョウ']
恵,5,10,"['めぐ.む', 'めぐ.み']","['ケイ', 'エ']"
召,2,5,['め.す'],['ショウ']
雌,1,14,"['め-', 'めす', 'めん']",['シ']
申,12,5,"['もう.す', 'もう.し-', 'さる']",['シン']
盲,1,8,['めくら'],['モウ']
猛,1,11,,['モウ']
倣,2,10,['なら.う'],['ホウ']
股,2,8,"['また', 'もも']",['コ']
腿,1,13,['もも'],['タイ']
漏,3,14,"['も.る', 'も.れる', 'も.らす']",['ロウ']
脆,1,10,"['もろ.い', 'よわい']","['ゼイ', 'セイ', 'セツ']"
矢,2,5,['や'],['シ']
薬,6,16,['くすり'],['ヤク']
役,11,7,,"['ヤク', 'エキ']"
敷,5,15,"['し.く', '-し.き']",['フ']
奴,1,5,"['やつ', 'やっこ']",['ド']
優,12,17,"['やさ.しい', 'すぐ.れる', 'まさ.る']","['ユウ', 'ウ']"
憂,1,15,"['うれ.える', 'うれ.い', 'う.い', 'う.き']",['ユウ']
鬱,1,29,"['うっ.する', 'ふさ.ぐ', 'しげ.る']",['ウツ']
越,8,12,"['こ.す', '-こ.す', '-ご.し', 'こ.える', '-ご.え']","['エツ', 'オツ']"
勇,3,9,['いさ.む'],['ユウ']
夕,7,3,['ゆう'],['セキ']
暮,5,14,"['く.れる', 'く.らす']",['ボ']
融,3,16,"['と.ける', 'と.かす']",['ユウ']
遊,4,12,"['あそ.ぶ', 'あそ.ばす']","['ユウ', 'ユ']"
幽,1,9,"['ふか.い', 'かす.か', 'くら.い', 'しろ.い']",['ユウ']
霊,1,15,['たま'],"['レイ', 'リョウ']"
歪,2,9,"['いが.む', 'いびつ', 'ひず.む', 'ゆが.む']","['ワイ', 'エ']"
揺,4,12,"['ゆ.れる', 'ゆ.る', 'ゆ.らぐ', 'ゆ.るぐ', 'ゆ.する', 'ゆ.さぶる', 'ゆ.すぶる', 'うご.く']",['ヨウ']
弓,1,3,['ゆみ'],['キュウ']
要,15,9,"['い.る', 'かなめ']",['ヨウ']
因,3,6,"['よ.る', 'ちな.む']",['イン']
溶,7,13,"['と.ける', 'と.かす', 'と.く']",['ヨウ']
件,4,6,['くだん'],['ケン']
紙,9,10,['かみ'],['シ']
請,3,15,"['こ.う', 'う.ける']","['セイ', 'シン', 'ショウ']"
洋,7,9,,['ヨウ']
余,11,7,"['あま.る', 'あま.り', 'あま.す', 'あんま.り']",['ヨ']
暇,3,13,"['ひま', 'いとま']",['カ']
預,4,13,"['あず.ける', 'あず.かる']",['ヨ']
抑,2,7,['おさ.える'],['ヨク']
室,9,9,['むろ'],['シツ']
避,3,16,"['さ.ける', 'よ.ける']",['ヒ']
横,4,15,['よこ'],['オウ']
綱,2,14,['つな'],['コウ']
汚,5,6,"['けが.す', 'けが.れる', 'けが.らわしい', 'よご.す', 'よご.れる', 'きたな.い']",['オ']
党,4,10,"['なかま', 'むら']",['トウ']
呼,5,8,['よ.ぶ'],['コ']
酪,1,13,,['ラク']
濫,2,18,"['みだ.りに', 'みだ.りがましい']",['ラン']
奪,2,14,['うば.う'],['ダツ']
域,4,11,,['イキ']
了,4,2,,['リョウ']
両,7,6,"['てる', 'ふたつ']",['リョウ']
旅,5,10,['たび'],['リョ']
券,4,8,,['ケン']
履,2,15,['は.く'],['リ']
林,4,8,['はやし'],['リン']
冷,14,7,"['つめ.たい', 'ひ.える', 'ひ.や', 'ひ.ややか', 'ひ.やす', 'ひ.やかす', 'さ.める', 'さ.ます']",['レイ']
淡,2,11,['あわ.い'],['タン']
甚,2,9,"['はなは.だ', 'はなは.だしい']",['ジン']
浜,2,10,['はま'],['ヒン']
辺,4,5,"['あた.り', 'ほと.り', '-べ']",['ヘン']
遥,1,12,['はる.か'],['ヨウ']
腫,1,13,"['は.れる', 'は.れ', 'は.らす', 'はれもの']","['シュ', 'ショウ']"
響,4,20,['ひび.く'],['キョウ']
判,10,7,['わか.る'],"['ハン', 'バン']"
殖,2,12,"['ふ.える', 'ふ.やす']",['ショク']
万,6,3,['よろず'],"['マン', 'バン']"
晩,5,12,,['バン']
半,8,5,['なか.ば'],['ハン']
氾,1,5,['ひろ.がる'],['ハン']
悲,6,12,"['かな.しい', 'かな.しむ']",['ヒ']
久,3,3,['ひさ.しい'],"['キュウ', 'ク']"
惨,2,11,"['みじ.め', 'いた.む', 'むご.い']","['サン', 'ザン']"
浸,1,10,"['ひた.す', 'ひた.る', 'つ.かる']",['シン']
左,3,5,['ひだり'],"['サ', 'シャ']"
必,7,5,['かなら.ず'],['ヒツ']
匹,2,4,['ひき'],['ヒツ']
敵,2,15,"['かたき', 'あだ', 'かな.う']",['テキ']
影,4,15,['かげ'],['エイ']
雛,2,18,"['ひな', 'ひよこ']","['スウ', 'ス', 'ジュ']"
祭,5,11,"['まつ.る', 'まつ.り', 'まつり']",['サイ']
非,6,8,['あら.ず'],['ヒ']
描,3,11,"['えが.く', 'か.く']",['ビョウ']
系,3,7,,['ケイ']
圏,1,12,['かこ.い'],['ケン']
港,3,12,['みなと'],['コウ']
毎,9,6,"['ごと', '-ごと.に']",['マイ']
史,3,5,,['シ']
寺,3,6,['てら'],['ジ']
酒,4,10,"['さけ', 'さか-']",['シュ']
女,15,3,"['おんな', 'め']","['ジョ', 'ニョ', 'ニョウ']"
商,7,11,['あきな.う'],['ショウ']
畳,4,12,"['たた.む', 'たたみ', 'かさ.なる']","['ジョウ', 'チョウ']"
艘,1,16,['ふね'],"['ショウ', 'シュウ', 'ソウ']"
庁,3,5,['やくしょ'],"['チョウ', 'テイ']"
丁,4,2,['ひのと'],"['チョウ', 'テイ', 'チン', 'トウ', 'チ']"
滴,2,14,"['しずく', 'したた.る']",['テキ']
島,4,10,['しま'],['トウ']
泊,5,8,"['と.まる', 'と.める']",['ハク']
番,10,12,['つが.い'],['バン']
羽,3,6,"['は', 'わ', 'はね']",['ウ']
朝,5,12,['あさ'],['チョウ']
坊,6,7,,"['ボウ', 'ボッ']"
厚,2,9,"['あつ.い', 'あか']",['コウ']
脂,3,10,['あぶら'],['シ']
粗,4,11,"['あら.い', 'あら-']",['ソ']
慌,3,12,"['あわ.てる', 'あわ.ただしい']",['コウ']
以,8,5,['もっ.て'],['イ']
段,8,9,,"['ダン', 'タン']"
昨,8,9,,['サク']
斉,1,8,"['そろ.う', 'ひと.しい', 'ひと.しく', 'あたる', 'はやい']","['セイ', 'サイ']"
井,1,4,['い'],"['セイ', 'ショウ']"
緯,2,16,"['よこいと', 'ぬき']",['イ']
煎,1,13,"['せん.じる', 'い.る', 'に.る']",['セン']
炒,2,8,"['い.る', 'いた.める']","['ソウ', 'ショウ']"
飢,2,10,['う.える'],['キ']
恨,2,9,"['うら.む', 'うら.めしい']",['コン']
羨,2,13,"['うらや.む', 'あまり']","['セン', 'エン']"
偉,2,12,['えら.い'],['イ']
宴,1,10,['うたげ'],['エン']
王,6,4,,"['オウ', '-ノウ']"
欧,1,8,"['うた.う', 'は.く']",['オウ']
米,3,6,"['こめ', 'よね']","['ベイ', 'マイ', 'メエトル']"
凡,2,3,"['およ.そ', 'おうよ.そ', 'すべ.て']","['ボン', 'ハン']"
仮,7,6,"['かり', 'かり-']","['カ', 'ケ']"
伯,5,7,,['ハク']
叔,5,8,,['シュク']
魔,3,21,,['マ']
恩,2,10,,['オン']
泉,2,9,['いずみ'],['セン']
蚊,2,10,['か'],['ブン']
却,1,7,"['かえ.って', 'しりぞ.く', 'しりぞ.ける']",['キャク']
係,3,9,"['かか.る', 'かかり', '-がかり', 'かか.わる']",['ケイ']
留,9,10,"['と.める', 'と.まる', 'とど.める', 'とど.まる', 'るうぶる']","['リュウ', 'ル']"
垣,1,9,['かき'],['エン']
貸,5,12,"['か.す', 'か.し-', 'かし-']",['タイ']
剰,1,11,"['あまつさえ', 'あま.り', 'あま.る']",['ジョウ']
塊,1,13,"['かたまり', 'つちくれ']","['カイ', 'ケ']"
弧,1,9,,['コ']
躍,2,21,['おど.る'],['ヤク']
被,3,10,"['こうむ.る', 'おお.う', 'かぶ.る', 'かぶ.せる']",['ヒ']
釜,1,10,['かま'],['フ']
屑,2,10,"['くず', 'いさぎよ.い']",['セツ']
剃,2,9,"['まい', 'そ.る', 'す.る']",['テイ']
刀,2,2,"['かたな', 'そり']",['トウ']
謡,4,16,"['うた.い', 'うた.う']",['ヨウ']
枯,1,9,"['か.れる', 'か.らす']",['コ']
乾,7,11,"['かわ.く', 'かわ.かす', 'ほ.す', 'ひ.る', 'いぬい']","['カン', 'ケン']"
瓦,2,5,"['かわら', 'ぐらむ']",['ガ']
燥,2,17,['はしゃ.ぐ'],['ソウ']
缶,2,6,['かま'],['カン']
池,3,6,['いけ'],['チ']
東,5,8,['ひがし'],['トウ']
板,3,8,['いた'],"['ハン', 'バン']"
冠,1,9,['かんむり'],['カン']
饉,1,20,['う.える'],['キン']
儀,4,15,,['ギ']
床,4,7,"['とこ', 'ゆか']",['ショウ']
礎,1,18,['いしずえ'],['ソ']
斬,1,11,['き.る'],"['ザン', 'サン', 'セン', 'ゼン']"
琴,2,12,['こと'],"['キン', 'ゴン']"
魚,3,11,"['うお', 'さかな', '-ざかな']",['ギョ']
釘,1,10,['くぎ'],"['テイ', 'チョウ']"
櫛,1,17,"['くし', 'くしけず.る']",['シツ']
砕,2,9,"['くだ.く', 'くだ.ける']",['サイ']
唇,1,10,['くちびる'],['シン']
紅,4,9,"['べに', 'くれない', 'あか.い']","['コウ', 'ク']"
句,5,5,,['ク']
夫,7,4,"['おっと', 'それ']","['フ', 'フウ', 'ブ']"
悔,3,9,"['く.いる', 'く.やむ', 'くや.しい']",['カイ']
郡,2,10,['こおり'],['グン']
蛍,1,11,['ほたる'],['ケイ']
灯,5,6,"['ひ', 'ほ-', 'ともしび', 'とも.す', 'あかり']",['トウ']
毛,6,4,['け'],['モウ']
糸,2,6,['いと'],['シ']
競,3,20,"['きそ.う', 'せ.る', 'くら.べる']","['キョウ', 'ケイ']"
馬,3,10,"['うま', 'うま-', 'ま']",['バ']
皮,4,5,['かわ'],['ヒ']
旬,4,6,,"['ジュン', 'シュン']"
桁,1,10,['けた'],['コウ']
傑,1,13,['すぐ.れる'],['ケツ']
謙,2,17,['へりくだ.る'],['ケン']
虚,1,11,"['むな.しい', 'うつ.ろ']","['キョ', 'コ']"
稿,1,15,"['わら', 'したがき']",['コウ']
遜,1,13,"['したが.う', 'へりくだ.る', 'ゆず.る']",['ソン']
県,2,9,['か.ける'],['ケン']
顕,1,18,"['あきらか', 'あらわ.れる']",['ケン']
鏡,4,19,['かがみ'],"['キョウ', 'ケイ']"
孝,1,7,,"['コウ', 'キョウ']"
舎,3,8,['やど.る'],"['シャ', 'セキ']"
功,2,5,['いさお'],"['コウ', 'ク']"
庭,3,10,['にわ'],['テイ']
肯,1,8,['がえんじ.る'],['コウ']
凍,3,10,"['こお.る', 'こご.える', 'こご.る', 'い.てる', 'し.みる']",['トウ']
腰,4,13,['こし'],['ヨウ']
五,5,4,"['いつ', 'いつ.つ']",['ゴ']
沙,2,7,"['すな', 'よなげる']","['サ', 'シャ']"
汰,2,7,"['おご.る', 'にご.る', 'よな.げる']","['タ', 'タイ']"
娯,1,10,,['ゴ']
紺,1,11,,['コン']
献,3,13,['たてまつ.る'],"['ケン', 'コン']"
縫,2,16,['ぬ.う'],['ホウ']
遡,1,13,['さかのぼ.る'],"['ソ', 'サク']"
囁,1,21,['ささや.く'],['ショウ']
匙,1,11,['さじ'],['シ']
撮,2,15,"['と.る', 'つま.む', '-ど.り']",['サツ']
錆,2,16,"['さび', 'くわ.しい']","['ショウ', 'セイ']"
塩,4,13,['しお'],['エン']
四,10,5,"['よ', 'よ.つ', 'よっ.つ', 'よん']",['シ']
季,4,8,,['キ']
茂,1,8,['しげ.る'],['モ']
磁,3,14,,['ジ']
捨,2,11,['す.てる'],['シャ']
姿,2,9,['すがた'],['シ']
孫,2,10,['まご'],['ソン']
町,3,7,['まち'],['チョウ']
筆,7,12,['ふで'],['ヒツ']
童,4,12,['わらべ'],['ドウ']
絞,1,12,"['しぼ.る', 'し.める', 'し.まる']",['コウ']
縞,1,16,"['しま', 'しろぎぬ']",['コウ']
氏,2,4,"['うじ', '-うじ']",['シ']
蛇,1,11,['へび'],"['ジャ', 'ダ', 'イ', 'ヤ']"
寿,1,7,"['ことぶき', 'ことぶ.く', 'ことほ.ぐ']","['ジュ', 'ス', 'シュウ']"
循,1,12,,['ジュン']
環,2,17,['わ'],['カン']
巡,2,6,"['めぐ.る', 'めぐ.り']",['ジュン']
将,2,10,"['まさ.に', 'はた', 'まさ', 'ひきい.る', 'もって']","['ショウ', 'ソウ']"
棋,1,12,['ご'],['キ']
店,9,8,"['みせ', 'たな']",['テン']
耗,1,10,,"['モウ', 'コウ']"
髪,3,14,['かみ'],['ハツ']
汁,1,5,"['しる', '-しる', 'つゆ']",['ジュウ']
芯,1,7,,['シン']
森,2,12,['もり'],['シン']
針,4,10,['はり'],['シン']
酢,2,12,['す'],['サク']
炊,2,8,"['た.く', '-だ.き']",['スイ']
随,2,12,"['まにま.に', 'したが.う']",['ズイ']
曜,9,18,,['ヨウ']
隙,2,13,"['すき', 'す.く', 'す.かす', 'ひま']","['ゲキ', 'キャク', 'ケキ']"
杉,1,7,['すぎ'],['サン']
透,2,10,"['す.く', 'す.かす', 'す.ける', 'とう.る', 'とう.す']",['トウ']
少,10,4,"['すく.ない', 'すこ.し']",['ショウ']
鈴,1,13,['すず'],"['レイ', 'リン']"
涼,2,11,"['すず.しい', 'すず.む', 'すず.やか', 'うす.い', 'ひや.す', 'まことに']",['リョウ']
撲,1,15,,['ボク']
狡,1,9,"['ずる.い', 'こす.い', 'わるがしこ.い']","['コウ', 'キョウ']"
寸,1,3,,['スン']
姓,3,8,,"['セイ', 'ショウ']"
掃,4,11,['は.く'],"['ソウ', 'シュ']"
瀬,1,19,['せ'],['ライ']
栓,1,10,,['セン']
洗,8,9,['あら.う'],['セン']
剤,2,10,"['かる', 'けず.る']","['ザイ', 'スイ', 'セイ']"
祖,4,9,,['ソ']
般,2,10,,['ハン']
倉,1,10,['くら'],['ソウ']
草,2,9,"['くさ', 'くさ-', '-ぐさ']",['ソウ']
臣,2,7,,"['シン', 'ジン']"
卒,2,8,"['そっ.する', 'お.える', 'お.わる', 'ついに', 'にわか']","['ソツ', 'シュツ']"
逸,1,11,"['そ.れる', 'そ.らす', 'はぐ.れる']",['イツ']
第,3,11,,"['ダイ', 'テイ']"
太,4,4,"['ふと.い', 'ふと.る']","['タイ', 'タ']"
鼓,1,13,['つづみ'],['コ']
楕,1,13,,"['ダ', 'タ']"
滝,1,13,['たき'],"['ロウ', 'ソウ']"
竹,1,6,['たけ'],['チク']
但,1,7,['ただ.し'],['タン']
頼,5,16,"['たの.む', 'たの.もしい', 'たよ.る']",['ライ']
誓,1,14,['ちか.う'],['セイ']
彫,2,11,"['ほ.る', '-ぼ.り']",['チョウ']
節,5,13,"['ふし', '-ぶし', 'のっと']","['セツ', 'セチ']"
頂,2,11,"['いただ.く', 'いただき']",['チョウ']
男,6,7,"['おとこ', 'お']","['ダン', 'ナン']"
径,2,8,"['みち', 'こみち', 'さしわたし', 'ただちに']",['ケイ']
繋,5,17,"['つな.ぐ', 'かか.る', 'か.ける']",['ケイ']
粒,1,11,['つぶ'],['リュウ']
潰,2,15,"['つぶ.す', 'つぶ.れる', 'つい.える']","['カイ', 'エ']"
躓,1,22,['つまず.く'],['チ']
爪,1,4,"['つめ', 'つま-']",['ソウ']
艶,1,19,"['つや', 'なま.めかしい', 'あで.やか', 'つや.めく', 'なま.めく']",['エン']
低,4,7,"['ひく.い', 'ひく.める', 'ひく.まる']",['テイ']
価,6,8,['あたい'],"['カ', 'ケ']"
凸,1,5,['でこ'],['トツ']
凹,2,5,"['くぼ.む', 'へこ.む', 'ぼこ']",['オウ']
弟,4,7,['おとうと'],"['テイ', 'ダイ', 'デ']"
砲,1,10,,['ホウ']
拭,2,9,"['ぬぐ.う', 'ふ.く']","['ショク', 'シキ']"
迎,5,7,['むか.える'],['ゲイ']
柱,1,9,['はしら'],['チュウ']
銅,2,14,['あかがね'],['ドウ']
峠,1,9,['とうげ'],
盗,3,11,"['ぬす.む', 'ぬす.み']",['トウ']
尖,1,6,"['とが.る', 'さき', 'するど.い']",['セン']
都,7,11,['みやこ'],"['ト', 'ツ']"
棚,3,12,"['たな', '-だな']",['ホウ']
怒,3,9,"['いか.る', 'おこ.る']","['ド', 'ヌ']"
丼,1,5,['どんぶり'],"['トン', 'タン', 'ショウ', 'セイ']"
慰,1,15,"['なぐさ.める', 'なぐさ.む']",['イ']
殴,2,8,['なぐ.る'],['オウ']
謎,3,16,['なぞ'],"['メイ', 'ベイ']"
撫,1,15,['な.でる'],"['ブ', 'フ']"
南,4,9,['みなみ'],"['ナン', 'ナ']"
匂,2,4,"['にお.う', 'にお.い', 'にお.わせる']",
虹,1,9,['にじ'],['コウ']
房,4,8,['ふさ'],['ボウ']
睨,1,13,"['にら.む', 'にら.み']",['ゲイ']
煮,3,12,"['に.る', '-に', 'に.える', 'に.やす']",['シャ']
俄,1,9,['にわか'],['ガ']
狙,2,8,"['ねら.う', 'ねら.い']","['ソ', 'ショ']"
濃,2,16,['こ.い'],['ノウ']
糊,1,15,['のり'],"['コ', 'ゴ', 'コツ']"
呑,1,7,['の.む'],"['トン', 'ドン']"
灰,3,6,['はい'],['カイ']
俳,2,10,,['ハイ']
這,1,10,"['は.う', 'は.い', 'むか.える', 'この']","['シャ', 'ゲン']"
秤,1,10,['はかり'],"['ショウ', 'ヒン', 'ビン']"
吐,2,6,"['は.く', 'つ.く']",['ト']
挟,2,9,"['はさ.む', 'はさ.まる', 'わきばさ.む', 'さしはさ.む']","['キョウ', 'ショウ']"
梯,1,11,['はしご'],"['テイ', 'タイ']"
肌,2,6,['はだ'],['キ']
鉢,1,13,,"['ハチ', 'ハツ']"
揮,2,12,['ふる.う'],['キ']
嫁,2,13,"['よめ', 'とつ.ぐ', 'い.く', 'ゆ.く']",['カ']
跳,1,13,"['は.ねる', 'と.ぶ', '-と.び']",['チョウ']
磨,2,16,"['みが.く', 'す.る']",['マ']
払,6,5,"['はら.う', '-はら.い', '-ばら.い']","['フツ', 'ヒツ', 'ホツ']"
歳,3,13,"['とし', 'とせ', 'よわい']","['サイ', 'セイ']"
較,2,13,['くら.べる'],"['カク', 'コウ']"
陽,3,12,['ひ'],['ヨウ']
肘,1,7,['ひじ'],['チュウ']
繰,3,19,['く.る'],['ソウ']
需,2,14,,['ジュ']
瞳,1,17,['ひとみ'],"['ドウ', 'トウ']"
捻,1,11,"['ね.じる', 'ねじ.る', 'ひね.くる', 'ひね.る']","['ネン', 'ジョウ']"
膚,1,15,['はだ'],['フ']
百,3,6,['もも'],"['ヒャク', 'ビャク']"
広,11,5,"['ひろ.い', 'ひろ.まる', 'ひろ.める', 'ひろ.がる', 'ひろ.げる']",['コウ']
箋,1,14,['ふだ'],['セン']
瓶,3,11,['かめ'],"['ビン', 'ヘイ']"
符,2,11,,['フ']
妻,2,8,['つま'],['サイ']
塞,2,13,"['ふさ.ぐ', 'とりで', 'み.ちる']","['ソク', 'サイ']"
襖,1,17,"['ふすま', 'あお']",['オウ']
附,1,8,"['つ.ける', 'つ.く']",['フ']
蓋,1,13,"['ふた', 'けだ.し', 'おお.う', 'かさ', 'かこう']","['ガイ', 'カイ', 'コウ']"
麓,1,19,['ふもと'],['ロク']
呂,2,7,['せぼね'],"['ロ', 'リョ']"
隊,3,12,,['タイ']
荘,1,9,"['ほうき', 'おごそ.か']","['ソウ', 'ショウ', 'チャン']"
箒,1,14,['ほうき'],"['ソウ', 'シュウ']"
包,7,5,"['つつ.む', 'くる.む']",['ホウ']
盆,2,9,,['ボン']
枚,2,8,,"['マイ', 'バイ']"
枕,1,8,['まくら'],"['チン', 'シン']"
跨,1,13,"['また.がる', 'またが.る', 'また.ぐ']","['コ', 'カ']"
窓,2,11,"['まど', 'てんまど', 'けむだし']","['ソウ', 'ス']"
稀,1,12,"['まれ', 'まばら']","['キ', 'ケ']"
岬,1,8,['みさき'],['コウ']
醜,1,17,"['みにく.い', 'しこ']",['シュウ']
暑,3,12,['あつ.い'],['ショ']
矛,1,5,['ほこ'],"['ム', 'ボウ']"
盾,2,9,['たて'],['ジュン']
紫,1,12,['むらさき'],['シ']
姪,1,9,"['めい', 'おい']","['テツ', 'チツ', 'ジチ', 'イツ', 'イチ']"
迷,4,9,['まよ.う'],['メイ']
銘,1,14,,['メイ']
儲,2,17,"['もう.ける', 'もう.かる', 'もうけ', 'たくわ.える']",['チョ']
凭,1,8,"['もた.れる', 'よ.る']","['ヒョウ', 'ヘイ']"
餅,1,14,"['もち', 'もちい']","['ヘイ', 'ヒョウ']"
凄,2,10,"['さむ.い', 'すご.い', 'すさ.まじい']","['セイ', 'サイ']"
揉,1,12,"['も.む', 'も.める']",['ジュウ']
喧,1,12,"['やかま.しい', 'かまびす.しい']",['ケン']
友,7,4,['とも'],['ユウ']
郵,3,11,,['ユウ']
悠,1,11,,['ユウ']
幼,4,5,['おさな.い'],['ヨウ']
稚,2,13,"['いとけない', 'おさない', 'おくて', 'おでる']","['チ', 'ジ']"
羊,1,6,['ひつじ'],['ヨウ']
漸,1,14,"['ようや.く', 'やや', 'ようよ.う', 'すす.む']",['ゼン']
翌,1,11,,['ヨク']
蘇,1,19,['よみがえ.る'],"['ソ', 'ス']"
慶,1,15,['よろこ.び'],['ケイ']
欄,1,20,['てすり'],['ラン']
寮,2,15,,['リョウ']
臨,2,18,['のぞ.む'],['リン']
零,2,13,"['ぜろ', 'こぼ.す', 'こぼ.れる']",['レイ']
煉,1,12,['ね.る'],['レン']
右,2,5,['みぎ'],"['ウ', 'ユウ']"
皿,3,5,['さら'],['ベイ']
猿,1,13,['さる'],['エン']
詩,2,13,['うた'],['シ']
幸,5,8,"['さいわ.い', 'さち', 'しあわ.せ']",['コウ']
舌,1,6,['した'],['ゼツ']
姉,4,8,"['あね', 'はは']",['シ']
妹,3,8,['いもうと'],['マイ']
霜,1,17,['しも'],['ソウ']
州,1,6,['す'],"['シュウ', 'ス']"
銃,1,14,['つつ'],['ジュウ']
囲,4,7,"['かこ.む', 'かこ.う', 'かこ.い']",['イ']
穫,1,18,,['カク']
渋,1,11,"['しぶ', 'しぶ.い', 'しぶ.る']","['ジュウ', 'シュウ']"
章,2,11,,['ショウ']
午,3,4,['うま'],['ゴ']
冗,1,4,,['ジョウ']
卓,1,8,,['タク']
糧,1,18,['かて'],"['リョウ', 'ロウ']"
斎,1,11,"['とき', 'つつし.む', 'ものいみ', 'い.む', 'いわ.う', 'いつ.く']",['サイ']
尻,1,5,['しり'],['コウ']
剣,1,10,['つるぎ'],['ケン']
戚,1,11,"['いた.む', 'うれ.える', 'みうち']","['ソク', 'セキ']"
臓,1,19,['はらわた'],['ゾウ']
慎,1,13,"['つつし.む', 'つつ.ましい', 'つつし', 'つつし.み']",['シン']
巣,1,11,"['す', 'す.くう']",['ソウ']
薦,1,16,['すす.める'],['セン']
睡,1,13,"['ねむ.る', 'ねむ.い']",['スイ']
墨,1,14,['すみ'],['ボク']
刷,2,8,"['す.る', '-ず.り', '-ずり', 'は.く']",['サツ']
鋭,1,15,['するど.い'],['エイ']
紀,1,9,,['キ']
求,3,7,['もと.める'],"['キュウ', 'グ']"
贅,1,18,['いぼ'],"['ゼイ', 'セイ']"
府,1,8,,['フ']
咳,1,9,"['せ.く', 'しわぶ.く', 'せき', 'しわぶき']","['カイ', 'ガイ']"
揚,1,12,"['あ.げる', '-あ.げ', 'あ.がる']",['ヨウ']
汗,1,6,['あせ'],['カン']
暖,5,13,"['あたた.か', 'あたた.かい', 'あたた.まる', 'あたた.める']","['ダン', 'ノン']"
穴,1,5,['あな'],['ケツ']
嵐,1,12,['あらし'],['ラン']
或,1,8,"['あ.る', 'あるい', 'あるいは']","['ワク', 'コク', 'イキ']"
泡,1,8,['あわ'],['ホウ']
哀,1,9,"['あわ.れ', 'あわ.れむ', 'かな.しい']",['アイ']
胃,1,9,,['イ']
医,6,7,"['い.やす', 'い.する', 'くすし']",['イ']
兄,4,5,['あに'],"['ケイ', 'キョウ']"
兎,1,8,['うさぎ'],"['ト', 'ツ']"
牛,3,4,['うし'],['ギュウ']
宇,1,6,,['ウ']
噂,1,15,['うわさ'],['ソン']
永,2,5,['なが.い'],['エイ']
餌,1,14,"['え', 'えば', 'えさ', 'もち']","['ジ', 'ニ']"
丘,2,5,['おか'],['キュウ']
沖,1,7,"['おき', 'おきつ', 'ちゅう.する', 'わく']",['チュウ']
奥,2,12,"['おく', 'おく.まる', 'くま']",['オウ']
喋,1,12,"['しゃべ.る', 'ついば.む']","['チョウ', 'トウ']"
穏,1,16,['おだ.やか'],['オン']
劣,1,6,['おと.る'],['レツ']
鬼,1,10,"['おに', 'おに-']",['キ']
溺,1,13,"['いばり', 'おぼ.れる']","['デキ', 'ジョウ', 'ニョウ']"
泳,3,8,['およ.ぐ'],['エイ']
卸,1,9,"['おろ.す', 'おろし', 'おろ.し']",['シャ']
釈,1,11,"['とく', 'す.てる', 'ゆる.す']","['シャク', 'セキ']"
輝,1,15,['かがや.く'],['キ']
罹,1,16,['かか.る'],"['リ', 'ラ']"
嗅,1,13,['か.ぐ'],['キュウ']
菓,2,11,,['カ']
肩,1,8,['かた'],['ケン']
堅,2,12,"['かた.い', '-がた.い']",['ケン']
雷,1,13,"['かみなり', 'いかずち', 'いかづち']",['ライ']
刈,1,4,['か.る'],"['ガイ', 'カイ']"
渇,1,11,['かわ.く'],['カツ']
歓,2,15,['よろこ.ぶ'],['カン']
患,1,11,['わずら.う'],['カン']
督,1,13,,['トク']
憶,1,16,,['オク']
械,2,11,['かせ'],['カイ']
候,3,10,['そうろう'],['コウ']
希,1,7,"['まれ', 'こいねが.う']","['キ', 'ケ']"
奇,1,8,"['く.しき', 'あや.しい', 'くし', 'めずら.しい']",['キ']
憩,1,16,"['いこ.い', 'いこ.う']",['ケイ']
吸,3,6,['す.う'],['キュウ']
怖,2,8,"['こわ.い', 'こわ.がる', 'お.じる', 'おそ.れる']","['フ', 'ホ']"
巨,1,5,,['キョ']
霧,1,19,['きり'],"['ム', 'ボウ', 'ブ']"
銀,2,14,['しろがね'],['ギン']
銭,2,14,,"['セン', 'ゼン']"
癖,1,18,"['くせ', 'くせ.に']",['ヘキ']
汲,1,7,['く.む'],['キュウ']
酌,1,10,['く.む'],['シャク']
咥,1,9,"['か.む', 'くわ.える']","['テツ', 'キ']"
契,2,9,['ちぎ.る'],['ケイ']
由,4,5,"['よし', 'よ.る']","['ユ', 'ユウ', 'ユイ']"
粧,1,12,,['ショウ']
陥,1,10,"['おちい.る', 'おとしい.れる']",['カン']
康,1,11,,['コウ']
憲,1,16,,['ケン']
航,2,10,,['コウ']
貢,1,10,['みつ.ぐ'],"['コウ', 'ク']"
輩,2,15,"['-ばら', 'やから', 'やかい', 'ともがら']",['ハイ']
氷,1,5,"['こおり', 'ひ', 'こお.る']",['ヒョウ']
克,1,7,['か.つ'],['コク']
穀,1,14,,['コク']
胡,1,9,['なんぞ'],"['ウ', 'コ', 'ゴ']"
椒,1,12,['はじかみ'],['ショウ']
諺,1,16,['ことわざ'],['ゲン']
麦,2,7,['むぎ'],['バク']
桜,1,10,['さくら'],"['オウ', 'ヨウ']"
挿,1,10,"['さ.す', 'はさ.む']",['ソウ']
注,8,8,"['そそ.ぐ', 'さ.す', 'つ.ぐ']",['チュウ']
豆,1,7,"['まめ', 'まめ-']","['トウ', 'ズ']"
魅,1,15,,['ミ']
寧,2,14,['むし.ろ'],['ネイ']
夢,2,13,"['ゆめ', 'ゆめ.みる', 'くら.い']","['ム', 'ボウ']"
胸,1,10,"['むね', 'むな-']",['キョウ']
綿,3,14,['わた'],['メン']
尤,1,4,"['もっと.も', 'とが.める']",['ユウ']
厄,1,4,,['ヤク']
雇,1,12,['やと.う'],['コ']
唯,3,11,['ただ'],"['ユイ', 'イ']"
秀,1,7,['ひい.でる'],['シュウ']
愉,1,12,"['たの.しい', 'たの.しむ']",['ユ']
茹,1,9,"['ゆ.でる', 'う.でる']","['ジョ', 'ニョ']"
裕,1,12,,['ユウ']
脇,1,10,"['わき', 'わけ']",['キョウ']
湧,1,12,['わ.く'],"['ユウ', 'ヨウ', 'ユ']"
僅,1,12,['わず.か'],"['キン', 'ゴン']"
湾,1,12,['いりえ'],['ワン']
椀,1,12,['はち'],['ワン']
碗,2,13,['こばち'],['ワン']
渦,1,12,['うず'],['カ']
尾,1,7,['お'],['ビ']
狩,1,9,"['か.る', 'か.り', '-が.り']",['シュ']
癌,1,17,,['ガン']
声,3,7,"['こえ', 'こわ-']","['セイ', 'ショウ']"
僚,2,14,,['リョウ']
陵,1,11,['みささぎ'],['リョウ']
享,1,8,['う.ける'],"['キョウ', 'コウ']"
拘,1,8,['かか.わる'],['コウ']
袖,1,10,['そで'],['シュウ']
蕎,1,15,['そば'],['キョウ']
逮,1,11,,['タイ']
只,1,5,['ただ'],['シ']
谷,1,7,"['たに', 'きわ.まる']",['コク']
玉,1,5,"['たま', 'たま-', '-だま']",['ギョク']
騙,1,19,"['かた.る', 'だま.す']",['ヘン']
誕,2,15,,['タン']
央,1,5,,['オウ']
駐,2,15,,['チュウ']
掴,1,11,"['つか.む', 'つか.まえる', 'つか.まる']",['カク']
翼,1,17,['つばさ'],['ヨク']
罪,2,13,['つみ'],['ザイ']
抵,2,8,,['テイ']
哲,1,10,"['さとい', 'あきらか']",['テツ']
塔,1,12,,['トウ']
徳,1,14,,['トク']
票,2,11,,['ヒョウ']
虎,1,8,['とら'],['コ']
泥,2,8,"['どろ', 'なず.む']","['デイ', 'ナイ', 'デ', 'ニ']"
眺,2,11,['なが.める'],['チョウ']
鍋,1,17,['なべ'],['カ']
涙,1,10,['なみだ'],"['ルイ', 'レイ']"
縄,1,15,"['なわ', 'ただ.す']",['ジョウ']
濡,2,17,"['ぬれ.る', 'ぬら.す', 'ぬ.れる', 'ぬ.らす', 'うるお.い', 'うるお.う', 'うるお.す']","['ジュ', 'ニュ']"
鼠,1,13,"['ねずみ', 'ねず']","['ソ', 'ショ']"
齢,1,17,"['よわい', 'とし']",['レイ']
覗,1,12,"['のぞ.く', 'うかが.う']",['シ']
伸,2,7,"['の.びる', 'の.ばす', 'の.べる', 'の.す']",['シン']
鹿,1,11,"['しか', 'か']",['ロク']
博,2,12,,"['ハク', 'バク']"
拍,1,8,,"['ハク', 'ヒョウ']"
莫,1,10,"['くれ', 'なか.れ', 'なし']","['バク', 'ボ', 'マク', 'モ', 'ナイ']"
旗,1,14,['はた'],['キ']
畑,1,9,"['はた', 'はたけ', '-ばたけ']",
販,1,11,,['ハン']
膝,1,15,['ひざ'],['シツ']
批,2,7,,['ヒ']
紐,1,10,['ひも'],"['チュウ', 'ジュウ']"
秒,1,9,,['ビョウ']
笛,1,11,['ふえ'],['テキ']
含,2,7,"['ふく.む', 'ふく.める']",['ガン']
双,1,4,"['ふた', 'たぐい', 'ならぶ', 'ふたつ']",['ソウ']
雰,1,12,,['フン']
析,1,8,,['セキ']
塀,1,12,,"['ヘイ', 'ベイ']"
吠,1,7,"['ほえ.る', 'ほ.える']","['ハイ', 'ベイ']"
埃,1,10,"['ほこり', 'ちり']",['アイ']
炎,1,8,['ほのお'],['エン']
頬,2,15,"['ほお', 'ほほ']",['キョウ']
堀,1,11,['ほり'],['クツ']
濠,1,17,['ほり'],"['ゴウ', 'コウ']"
蒔,1,13,"['う.える', 'ま.く']","['シ', 'ジ']"
撒,1,15,['ま.く'],"['サン', 'サツ']"
幕,1,13,['とばり'],"['マク', 'バク']"
松,1,8,['まつ'],['ショウ']
柵,1,9,"['しがら.む', 'しがらみ', 'とりで', 'やらい']","['サク', 'サン']"
己,1,3,"['おのれ', 'つちのと', 'な']","['コ', 'キ']"
肪,1,8,,['ボウ']
涯,1,11,['はて'],['ガイ']
膳,1,16,"['かしわ', 'すす.める', 'そな.える']","['ゼン', 'セン']"
禅,1,13,"['しずか', 'ゆず.る']","['ゼン', 'セン']"
僧,1,13,,['ソウ']
縦,1,16,['たて'],['ジュウ']
棟,1,12,"['むね', 'むな-']",['トウ']
綴,1,14,"['と.じる', 'つづ.る', 'つづり', 'すみ.やか']","['テイ', 'テツ', 'テチ', 'ゲツ']"
肺,1,9,,['ハイ']
諮,1,16,['はか.る'],['シ']
班,1,10,,['ハン']
碑,1,14,['いしぶみ'],['ヒ']
膜,1,14,,['マク']
捲,1,11,"['ま.く', 'ま.くる', 'まく.る', 'めく.る', 'まく.れる']",['ケン']
枠,1,8,['わく'],
漫,1,14,"['みだり.に', 'そぞ.ろ']",['マン']
僕,1,14,['しもべ'],['ボク']
拾,1,9,['ひろ.う'],"['シュウ', 'ジュウ']"
彼,3,8,"['かれ', 'かの', 'か.の']",['ヒ']
絹,1,13,['きぬ'],['ケン']
痩,1,12,['や.せる'],"['ソウ', 'チュウ', 'シュウ', 'シュ']"
雲,1,12,"['くも', '-ぐも']",['ウン']
坂,1,7,['さか'],['ハン']
昔,1,8,['むかし'],"['セキ', 'シャク']"
壁,1,16,['かべ'],['ヘキ']
泣,1,8,['な.く'],['キュウ']
漬,1,14,"['つ.ける', 'つ.かる', '-づ.け', '-づけ']",['シ']
挨,1,10,['ひら.く'],['アイ']
拶,1,9,['せま.る'],['サツ']
踊,2,14,['おど.る'],['ヨウ']
塗,1,13,"['ぬ.る', 'ぬ.り', 'まみ.れる']",['ト']
珍,1,9,"['めずら.しい', 'たから']",['チン']
寂,1,11,"['さび', 'さび.しい', 'さび.れる', 'さみ.しい']","['ジャク', 'セキ']"
噌,1,14,['かまびす.しい'],"['ソウ', 'ショウ', 'ソ']"
貿,1,12,,['ボウ']
皆,2,9,"['みな', 'みんな']",['カイ']
隅,1,12,['すみ'],['グウ']
伺,1,7,['うかが.う'],['シ']
喉,1,12,['のど'],['コウ']
叱,1,5,['しか.る'],"['シツ', 'シチ', 'カ']"
枝,1,8,['えだ'],['シ']
尋,1,12,"['たず.ねる', 'ひろ']",['ジン']
億,1,15,,['オク']
紹,1,11,,['ショウ']
舟,1,6,"['ふね', 'ふな-', '-ぶね']",['シュウ']
翻,1,18,"['ひるがえ.る', 'ひるがえ.す']","['ホン', 'ハン']"
娘,1,10,"['むすめ', 'こ']",['ジョウ']
湖,1,12,['みずうみ'],['コ']
嬉,1,15,"['うれ.しい', 'たの.しむ']",['キ']
秋,1,9,"['あき', 'とき']",['シュウ']
飴,1,13,"['あめ', 'やしな.う']","['イ', 'シ']"
椅,1,12,,['イ']
犬,1,4,"['いぬ', 'いぬ-']",['ケン']
駅,1,14,,['エキ']
鍵,1,17,['かぎ'],['ケン']
傘,1,12,['かさ'],['サン']
喫,1,12,['の.む'],['キツ']
九,4,2,"['ここの', 'ここの.つ']","['キュウ', 'ク']"
綺,1,14,['あや'],['キ']
麗,1,19,"['うるわ.しい', 'うら.らか']",['レイ']
靴,2,13,['くつ'],['カ']
曇,2,16,['くも.る'],['ドン']
咲,1,9,"['さ.く', '-ざき']",['ショウ']
冊,1,5,['ふみ'],"['サツ', 'サク']"
誌,1,14,,['シ']
糖,1,16,,['トウ']
七,3,2,"['なな', 'なな.つ', 'なの']",['シチ']
醤,1,17,['ひしお'],['ショウ']
鹸,1,19,['あ.く'],"['ケン', 'カン', 'セン']"
狭,1,9,"['せま.い', 'せば.める', 'せば.まる', 'さ']","['キョウ', 'コウ']"
千,1,3,['ち'],['セン']
卵,1,7,['たまご'],['ラン']
誰,2,15,"['だれ', 'たれ', 'た']",['スイ']
机,1,6,['つくえ'],['キ']
隣,1,16,"['とな.る', 'となり']",['リン']
鶏,1,19,"['にわとり', 'とり']",['ケイ']
夏,2,10,['なつ'],"['カ', 'ガ', 'ゲ']"
猫,1,11,['ねこ'],['ビョウ']
箱,1,15,['はこ'],['ソウ']
箸,1,15,['はし'],"['チョ', 'チャク']"
八,4,2,"['や', 'や.つ', 'やっ.つ', 'よう']","['ハチ', 'ハツ']"
貼,1,12,"['は.る', 'つ.く']","['テン', 'チョウ']"
豚,1,11,['ぶた'],['トン']
帽,1,12,"['ずきん', 'おお.う']","['ボウ', 'モウ']"
緑,1,14,['みどり'],"['リョク', 'ロク']"
六,3,4,"['む', 'む.つ', 'むっ.つ', 'むい']","['ロク', 'リク']"
菜,1,11,['な'],['サイ']
廊,1,12,,['ロウ']
